-- MySQL dump 10.13  Distrib 8.0.17, for Win64 (x86_64)
--
-- Host: localhost    Database: quarentine_wolf
-- ------------------------------------------------------
-- Server version	5.5.5-10.4.6-MariaDB

/*!40101 SET @OLD_CHARACTER_SET_CLIENT=@@CHARACTER_SET_CLIENT */;
/*!40101 SET @OLD_CHARACTER_SET_RESULTS=@@CHARACTER_SET_RESULTS */;
/*!40101 SET @OLD_COLLATION_CONNECTION=@@COLLATION_CONNECTION */;
/*!50503 SET NAMES utf8mb4 */;
/*!40103 SET @OLD_TIME_ZONE=@@TIME_ZONE */;
/*!40103 SET TIME_ZONE='+00:00' */;
/*!40014 SET @OLD_UNIQUE_CHECKS=@@UNIQUE_CHECKS, UNIQUE_CHECKS=0 */;
/*!40014 SET @OLD_FOREIGN_KEY_CHECKS=@@FOREIGN_KEY_CHECKS, FOREIGN_KEY_CHECKS=0 */;
/*!40101 SET @OLD_SQL_MODE=@@SQL_MODE, SQL_MODE='NO_AUTO_VALUE_ON_ZERO' */;
/*!40111 SET @OLD_SQL_NOTES=@@SQL_NOTES, SQL_NOTES=0 */;

-- Base de dades: `quarantine_wolf`
--
CREATE DATABASE IF NOT EXISTS `quarantine_wolf` DEFAULT CHARACTER SET latin1 COLLATE latin1_swedish_ci;
USE `quarantine_wolf`;

--
-- Table structure for table `games`
--

DROP TABLE IF EXISTS `games`;
/*!40101 SET @saved_cs_client     = @@character_set_client */;
/*!50503 SET character_set_client = utf8mb4 */;
CREATE TABLE `games` (
  `game_id` int(11) NOT NULL AUTO_INCREMENT,
  `game_turn` int(11) NOT NULL DEFAULT 0,
  `game_date` datetime DEFAULT NULL,
  `game_observations` varchar(200) DEFAULT NULL,
  `game_state` char(1) DEFAULT NULL COMMENT '''C'': closed  ''O'':Open  ''E'': Error',
  `users_max` int(11) DEFAULT NULL,
  `updated` tinyint(1) DEFAULT 0,
  PRIMARY KEY (`game_id`)
) ENGINE=InnoDB AUTO_INCREMENT=61 DEFAULT CHARSET=latin1;
/*!40101 SET character_set_client = @saved_cs_client */;

--
-- Dumping data for table `games`
--

LOCK TABLES `games` WRITE;
/*!40000 ALTER TABLE `games` DISABLE KEYS */;
INSERT INTO `games` VALUES (1,1,'2019-12-11 11:33:45','group DAM2A','C',30,0),(2,1,'2019-12-10 11:33:45','group DAMvi','C',30,0),(3,1,'2019-12-08 11:33:45','group ASIX1','C',30,0),(4,1,'2019-12-11 11:33:45','group DAM2A','C',30,0),(5,1,'2019-12-11 11:33:45','group DAMvi','C',30,0),(6,1,'2019-12-06 11:33:45','group ASIX1','C',30,0),(7,1,'2019-12-11 11:33:45','group DAM2A','C',30,0),(8,1,'2019-12-08 11:33:45','group DAMvi','C',30,0),(9,1,'2019-12-09 11:33:45','group ASIX1','C',30,0),(10,1,'2019-12-10 11:33:45','group DAM2A','C',30,0),(11,1,'2019-12-06 11:33:45','group DAMvi','C',30,0),(12,1,'2019-12-09 11:33:46','group ASIX1','C',30,0),(13,1,'2019-12-08 11:36:12','group DAM2A','C',30,0),(14,1,'2019-12-07 11:36:36','group DAMvi','C',30,0),(15,1,'2019-12-09 11:36:36','group ASIX1','C',30,0),(16,1,'2019-12-09 11:36:36','group DAM2A','C',30,0),(17,1,'2019-12-07 11:36:36','group DAMvi','C',30,0),(18,1,'2019-12-07 11:36:36','group ASIX1','C',30,0),(19,1,'2019-12-10 11:36:36','group DAM2A','C',30,0),(20,1,'2019-12-10 11:36:36','group DAMvi','C',30,0),(21,1,'2019-12-09 11:36:36','group ASIX1','C',30,0),(22,1,'2019-12-11 11:36:36','group DAM2A','C',30,0),(23,1,'2019-12-11 11:36:36','group DAMvi','C',30,0),(24,1,'2019-12-07 11:36:37','group ASIX1','C',30,0),(25,1,'2019-12-10 22:37:33','group DAM2A','C',30,0),(26,1,'2019-12-09 22:37:33','group DAMvi','C',30,0),(27,1,'2019-12-09 22:37:33','group ASIX1','C',30,0),(28,1,'2019-12-07 22:37:33','group DAM2A','C',30,0),(29,1,'2019-12-07 22:37:33','group DAMvi','C',30,0),(30,1,'2019-12-10 22:37:33','group ASIX1','C',30,0),(31,1,'2019-12-06 22:37:34','group DAM2A','C',30,0),(32,1,'2019-12-10 22:37:34','group DAMvi','C',30,0),(33,1,'2019-12-10 22:37:34','group ASIX1','C',30,0),(34,1,'2019-12-10 22:37:34','group DAM2A','C',30,0),(35,1,'2019-12-06 22:37:34','group DAMvi','C',30,0),(36,1,'2019-12-08 22:37:34','group ASIX1','C',30,0),(37,1,'2019-12-11 11:15:53','group DAM2A','C',30,0),(38,1,'2019-12-10 11:15:53','group DAMvi','C',30,0),(39,1,'2019-12-10 11:15:53','group ASIX1','C',30,0),(40,1,'2019-12-08 11:15:53','group DAM2A','C',30,0),(41,1,'2019-12-08 11:15:53','group DAMvi','C',30,0),(42,1,'2019-12-11 11:15:53','group ASIX1','C',30,0),(43,1,'2019-12-07 11:15:54','group DAM2A','C',30,0),(44,1,'2019-12-11 11:15:54','group DAMvi','C',30,0),(45,1,'2019-12-11 11:15:54','group ASIX1','C',30,0),(46,1,'2019-12-11 11:15:54','group DAM2A','C',30,0),(47,1,'2019-12-07 11:15:54','group DAMvi','C',30,0),(48,1,'2019-12-09 11:15:54','group ASIX1','C',30,0),(49,1,'2019-12-12 11:15:54','group DAM2A','C',30,0),(50,1,'2019-12-11 11:15:54','group DAMvi','C',30,0),(51,1,'2019-12-09 11:15:54','group ASIX1','C',30,0),(52,1,'2019-12-12 11:15:54','group DAM2A','C',30,0),(53,1,'2019-12-12 11:15:54','group DAMvi','C',30,0),(54,1,'2019-12-07 11:15:54','group ASIX1','C',30,0),(55,1,'2019-12-12 11:15:55','group DAM2A','C',30,0),(56,1,'2019-12-09 11:15:55','group DAMvi','C',30,0),(57,1,'2019-12-10 11:15:55','group ASIX1','C',30,0),(58,1,'2019-12-11 11:15:55','group DAM2A','C',30,0),(59,1,'2019-12-07 11:15:55','group DAMvi','C',30,0),(60,1,'2019-12-10 11:15:55','group ASIX1','C',30,0);
/*!40000 ALTER TABLE `games` ENABLE KEYS */;
UNLOCK TABLES;

--
-- Table structure for table `games_users_register`
--

DROP TABLE IF EXISTS `games_users_register`;
/*!40101 SET @saved_cs_client     = @@character_set_client */;
/*!50503 SET character_set_client = utf8mb4 */;
CREATE TABLE `games_users_register` (
  `id` int(11) NOT NULL AUTO_INCREMENT,
  `game_id` int(11) NOT NULL,
  `user_id` int(11) NOT NULL,
  `turn_death` int(11) DEFAULT NULL,
  PRIMARY KEY (`id`),
  UNIQUE KEY `games_users_register_un` (`game_id`,`user_id`),
  KEY `games_users_register_fk_1` (`user_id`),
  CONSTRAINT `games_users_register_fk` FOREIGN KEY (`game_id`) REFERENCES `games` (`game_id`) ON DELETE CASCADE ON UPDATE CASCADE,
  CONSTRAINT `games_users_register_fk_1` FOREIGN KEY (`user_id`) REFERENCES `users` (`user_id`)
) ENGINE=InnoDB AUTO_INCREMENT=1281 DEFAULT CHARSET=latin1;
/*!40101 SET character_set_client = @saved_cs_client */;

--
-- Dumping data for table `games_users_register`
--

LOCK TABLES `games_users_register` WRITE;
/*!40000 ALTER TABLE `games_users_register` DISABLE KEYS */;
INSERT INTO `games_users_register` VALUES (141,1,3,NULL),(142,1,9,6),(143,1,14,NULL),(144,1,11,8),(145,1,8,5),(146,1,2,10),(147,1,12,NULL),(148,1,7,3),(149,1,4,2),(150,1,6,4),(151,1,10,7),(152,1,15,9),(153,1,13,NULL),(154,1,5,1),(155,2,83,7),(156,2,75,9),(157,2,84,8),(158,2,72,NULL),(159,2,92,NULL),(160,2,86,14),(161,2,88,13),(162,2,80,NULL),(163,2,76,12),(164,2,81,1),(165,2,85,10),(166,2,78,6),(167,2,91,17),(168,2,87,11),(169,2,89,18),(170,2,73,2),(171,2,74,4),(172,2,82,5),(173,2,77,3),(174,2,90,15),(175,2,79,16),(176,3,94,11),(177,3,99,2),(178,3,102,5),(179,3,109,16),(180,3,93,3),(181,3,113,NULL),(182,3,95,NULL),(183,3,97,7),(184,3,111,18),(185,3,105,10),(186,3,106,12),(187,3,98,1),(188,3,100,4),(189,3,104,9),(190,3,114,NULL),(191,3,110,17),(192,3,108,14),(193,3,96,15),(194,3,103,8),(195,3,107,13),(196,3,101,6),(197,3,112,19),(198,4,3,3),(199,4,9,12),(200,4,14,11),(201,4,11,5),(202,4,8,10),(203,4,2,NULL),(204,4,12,7),(205,4,7,8),(206,4,4,4),(207,4,6,2),(208,4,10,1),(209,4,15,NULL),(210,4,13,9),(211,4,5,6),(212,5,83,10),(213,5,75,12),(214,5,84,2),(215,5,72,8),(216,5,92,7),(217,5,86,NULL),(218,5,88,NULL),(219,5,80,6),(220,5,76,13),(221,5,81,11),(222,5,85,18),(223,5,78,15),(224,5,91,5),(225,5,87,NULL),(226,5,89,1),(227,5,73,3),(228,5,74,9),(229,5,82,17),(230,5,77,14),(231,5,90,4),(232,5,79,16),(233,6,94,3),(234,6,99,2),(235,6,102,NULL),(236,6,109,5),(237,6,93,NULL),(238,6,113,11),(239,6,95,13),(240,6,97,15),(241,6,111,12),(242,6,105,1),(243,6,106,4),(244,6,98,9),(245,6,100,NULL),(246,6,104,NULL),(247,6,114,NULL),(248,6,110,10),(249,6,108,8),(250,6,96,14),(251,6,103,NULL),(252,6,107,6),(253,6,101,7),(254,6,112,NULL),(255,7,3,1),(256,7,9,4),(257,7,14,NULL),(258,7,11,6),(259,7,8,NULL),(260,7,2,10),(261,7,12,9),(262,7,7,8),(263,7,4,3),(264,7,6,7),(265,7,10,2),(266,7,15,NULL),(267,7,13,11),(268,7,5,5),(269,8,83,7),(270,8,75,NULL),(271,8,84,8),(272,8,72,NULL),(273,8,92,16),(274,8,86,9),(275,8,88,11),(276,8,80,1),(277,8,76,3),(278,8,81,5),(279,8,85,10),(280,8,78,4),(281,8,91,15),(282,8,87,12),(283,8,89,13),(284,8,73,NULL),(285,8,74,NULL),(286,8,82,6),(287,8,77,2),(288,8,90,14),(289,8,79,NULL),(290,9,94,9),(291,9,99,7),(292,9,102,1),(293,9,109,NULL),(294,9,93,5),(295,9,113,NULL),(296,9,95,NULL),(297,9,97,4),(298,9,111,NULL),(299,9,105,NULL),(300,9,106,NULL),(301,9,98,6),(302,9,100,8),(303,9,104,NULL),(304,9,114,NULL),(305,9,110,NULL),(306,9,108,NULL),(307,9,96,2),(308,9,103,3),(309,9,107,NULL),(310,9,101,10),(311,9,112,NULL),(312,10,3,6),(313,10,9,7),(314,10,14,4),(315,10,11,11),(316,10,8,12),(317,10,2,1),(318,10,12,NULL),(319,10,7,10),(320,10,4,2),(321,10,6,8),(322,10,10,9),(323,10,15,5),(324,10,13,NULL),(325,10,5,3),(326,11,83,3),(327,11,75,6),(328,11,84,5),(329,11,72,NULL),(330,11,92,NULL),(331,11,86,11),(332,11,88,15),(333,11,80,12),(334,11,76,10),(335,11,81,14),(336,11,85,9),(337,11,78,7),(338,11,91,19),(339,11,87,13),(340,11,89,17),(341,11,73,2),(342,11,74,4),(343,11,82,16),(344,11,77,1),(345,11,90,18),(346,11,79,8),(347,12,94,3),(348,12,99,8),(349,12,102,12),(350,12,109,7),(351,12,93,NULL),(352,12,113,NULL),(353,12,95,4),(354,12,97,5),(355,12,111,NULL),(356,12,105,15),(357,12,106,16),(358,12,98,6),(359,12,100,9),(360,12,104,11),(361,12,114,NULL),(362,12,110,2),(363,12,108,18),(364,12,96,1),(365,12,103,14),(366,12,107,17),(367,12,101,10),(368,12,112,13),(369,13,3,NULL),(370,13,9,NULL),(371,13,14,NULL),(372,13,11,NULL),(373,13,8,1),(374,13,2,NULL),(375,13,12,NULL),(376,13,7,6),(377,13,4,3),(378,13,6,4),(379,13,10,NULL),(380,13,15,5),(381,13,13,NULL),(382,13,5,2),(383,14,83,12),(384,14,75,3),(385,14,84,14),(386,14,72,1),(387,14,92,NULL),(388,14,86,NULL),(389,14,88,NULL),(390,14,80,8),(391,14,76,4),(392,14,81,9),(393,14,85,13),(394,14,78,2),(395,14,91,NULL),(396,14,87,NULL),(397,14,89,NULL),(398,14,73,6),(399,14,74,11),(400,14,82,10),(401,14,77,5),(402,14,90,NULL),(403,14,79,7),(404,15,94,17),(405,15,99,3),(406,15,102,9),(407,15,109,16),(408,15,93,15),(409,15,113,6),(410,15,95,19),(411,15,97,NULL),(412,15,111,18),(413,15,105,14),(414,15,106,1),(415,15,98,NULL),(416,15,100,8),(417,15,104,11),(418,15,114,12),(419,15,110,13),(420,15,108,5),(421,15,96,NULL),(422,15,103,10),(423,15,107,4),(424,15,101,7),(425,15,112,2),(426,16,3,3),(427,16,9,4),(428,16,14,5),(429,16,11,7),(430,16,8,2),(431,16,2,1),(432,16,12,9),(433,16,7,6),(434,16,4,NULL),(435,16,6,NULL),(436,16,10,8),(437,16,15,11),(438,16,13,10),(439,16,5,NULL),(440,17,83,10),(441,17,75,4),(442,17,84,11),(443,17,72,NULL),(444,17,92,NULL),(445,17,86,14),(446,17,88,15),(447,17,80,6),(448,17,76,3),(449,17,81,8),(450,17,85,12),(451,17,78,2),(452,17,91,NULL),(453,17,87,16),(454,17,89,NULL),(455,17,73,7),(456,17,74,13),(457,17,82,9),(458,17,77,1),(459,17,90,NULL),(460,17,79,5),(461,18,94,NULL),(462,18,99,NULL),(463,18,102,NULL),(464,18,109,NULL),(465,18,93,NULL),(466,18,113,NULL),(467,18,95,NULL),(468,18,97,NULL),(469,18,111,2),(470,18,105,NULL),(471,18,106,NULL),(472,18,98,NULL),(473,18,100,NULL),(474,18,104,NULL),(475,18,114,NULL),(476,18,110,NULL),(477,18,108,NULL),(478,18,96,1),(479,18,103,NULL),(480,18,107,NULL),(481,18,101,NULL),(482,18,112,NULL),(483,19,3,12),(484,19,9,6),(485,19,14,9),(486,19,11,4),(487,19,8,2),(488,19,2,1),(489,19,12,5),(490,19,7,7),(491,19,4,11),(492,19,6,NULL),(493,19,10,3),(494,19,15,10),(495,19,13,8),(496,19,5,NULL),(497,20,83,12),(498,20,75,1),(499,20,84,8),(500,20,72,9),(501,20,92,5),(502,20,86,13),(503,20,88,16),(504,20,80,10),(505,20,76,2),(506,20,81,7),(507,20,85,14),(508,20,78,4),(509,20,91,NULL),(510,20,87,15),(511,20,89,17),(512,20,73,NULL),(513,20,74,NULL),(514,20,82,11),(515,20,77,3),(516,20,90,18),(517,20,79,6),(518,21,94,3),(519,21,99,12),(520,21,102,16),(521,21,109,15),(522,21,93,NULL),(523,21,113,19),(524,21,95,9),(525,21,97,4),(526,21,111,18),(527,21,105,11),(528,21,106,NULL),(529,21,98,10),(530,21,100,13),(531,21,104,8),(532,21,114,NULL),(533,21,110,17),(534,21,108,6),(535,21,96,1),(536,21,103,5),(537,21,107,2),(538,21,101,14),(539,21,112,7),(540,22,3,NULL),(541,22,9,3),(542,22,14,7),(543,22,11,5),(544,22,8,1),(545,22,2,9),(546,22,12,2),(547,22,7,NULL),(548,22,4,NULL),(549,22,6,NULL),(550,22,10,4),(551,22,15,8),(552,22,13,6),(553,22,5,NULL),(554,23,83,11),(555,23,75,4),(556,23,84,12),(557,23,72,NULL),(558,23,92,NULL),(559,23,86,15),(560,23,88,16),(561,23,80,9),(562,23,76,6),(563,23,81,7),(564,23,85,14),(565,23,78,1),(566,23,91,19),(567,23,87,13),(568,23,89,17),(569,23,73,2),(570,23,74,3),(571,23,82,10),(572,23,77,8),(573,23,90,18),(574,23,79,5),(575,24,94,16),(576,24,99,NULL),(577,24,102,2),(578,24,109,10),(579,24,93,15),(580,24,113,14),(581,24,95,NULL),(582,24,97,NULL),(583,24,111,11),(584,24,105,5),(585,24,106,6),(586,24,98,NULL),(587,24,100,NULL),(588,24,104,4),(589,24,114,13),(590,24,110,9),(591,24,108,8),(592,24,96,NULL),(593,24,103,3),(594,24,107,7),(595,24,101,1),(596,24,112,12),(597,25,3,5),(598,25,9,8),(599,25,14,NULL),(600,25,11,10),(601,25,8,7),(602,25,2,3),(603,25,12,NULL),(604,25,7,2),(605,25,4,6),(606,25,6,1),(607,25,10,9),(608,25,15,NULL),(609,25,13,11),(610,25,5,4),(611,26,83,6),(612,26,75,15),(613,26,84,10),(614,26,72,12),(615,26,92,11),(616,26,86,2),(617,26,88,16),(618,26,80,NULL),(619,26,76,17),(620,26,81,3),(621,26,85,1),(622,26,78,NULL),(623,26,91,18),(624,26,87,14),(625,26,89,5),(626,26,73,9),(627,26,74,13),(628,26,82,4),(629,26,77,8),(630,26,90,7),(631,26,79,NULL),(632,27,94,7),(633,27,99,10),(634,27,102,12),(635,27,109,4),(636,27,93,NULL),(637,27,113,9),(638,27,95,5),(639,27,97,2),(640,27,111,14),(641,27,105,13),(642,27,106,NULL),(643,27,98,6),(644,27,100,16),(645,27,104,3),(646,27,114,17),(647,27,110,8),(648,27,108,NULL),(649,27,96,1),(650,27,103,NULL),(651,27,107,15),(652,27,101,11),(653,27,112,NULL),(654,28,3,2),(655,28,9,8),(656,28,14,NULL),(657,28,11,10),(658,28,8,6),(659,28,2,7),(660,28,12,11),(661,28,7,5),(662,28,4,3),(663,28,6,1),(664,28,10,9),(665,28,15,NULL),(666,28,13,12),(667,28,5,4),(668,29,83,NULL),(669,29,75,7),(670,29,84,NULL),(671,29,72,5),(672,29,92,NULL),(673,29,86,NULL),(674,29,88,9),(675,29,80,12),(676,29,76,2),(677,29,81,NULL),(678,29,85,1),(679,29,78,4),(680,29,91,NULL),(681,29,87,3),(682,29,89,NULL),(683,29,73,6),(684,29,74,8),(685,29,82,NULL),(686,29,77,10),(687,29,90,NULL),(688,29,79,11),(689,30,94,7),(690,30,99,6),(691,30,102,5),(692,30,109,11),(693,30,93,NULL),(694,30,113,17),(695,30,95,19),(696,30,97,NULL),(697,30,111,14),(698,30,105,1),(699,30,106,4),(700,30,98,2),(701,30,100,16),(702,30,104,12),(703,30,114,18),(704,30,110,13),(705,30,108,9),(706,30,96,NULL),(707,30,103,10),(708,30,107,8),(709,30,101,3),(710,30,112,15),(711,31,3,1),(712,31,9,7),(713,31,14,11),(714,31,11,9),(715,31,8,6),(716,31,2,NULL),(717,31,12,10),(718,31,7,4),(719,31,4,NULL),(720,31,6,2),(721,31,10,8),(722,31,15,NULL),(723,31,13,5),(724,31,5,3),(725,32,83,11),(726,32,75,6),(727,32,84,2),(728,32,72,7),(729,32,92,NULL),(730,32,86,14),(731,32,88,NULL),(732,32,80,16),(733,32,76,1),(734,32,81,5),(735,32,85,13),(736,32,78,10),(737,32,91,NULL),(738,32,87,15),(739,32,89,NULL),(740,32,73,3),(741,32,74,4),(742,32,82,9),(743,32,77,8),(744,32,90,NULL),(745,32,79,12),(746,33,94,2),(747,33,99,NULL),(748,33,102,NULL),(749,33,109,5),(750,33,93,10),(751,33,113,6),(752,33,95,11),(753,33,97,8),(754,33,111,1),(755,33,105,NULL),(756,33,106,13),(757,33,98,NULL),(758,33,100,NULL),(759,33,104,9),(760,33,114,7),(761,33,110,NULL),(762,33,108,NULL),(763,33,96,12),(764,33,103,3),(765,33,107,NULL),(766,33,101,NULL),(767,33,112,4),(768,34,3,NULL),(769,34,9,10),(770,34,14,3),(771,34,11,NULL),(772,34,8,9),(773,34,2,4),(774,34,12,NULL),(775,34,7,7),(776,34,4,1),(777,34,6,2),(778,34,10,NULL),(779,34,15,5),(780,34,13,8),(781,34,5,6),(782,35,83,9),(783,35,75,3),(784,35,84,13),(785,35,72,1),(786,35,92,NULL),(787,35,86,NULL),(788,35,88,NULL),(789,35,80,2),(790,35,76,5),(791,35,81,12),(792,35,85,NULL),(793,35,78,10),(794,35,91,NULL),(795,35,87,NULL),(796,35,89,NULL),(797,35,73,6),(798,35,74,7),(799,35,82,14),(800,35,77,8),(801,35,90,4),(802,35,79,11),(803,36,94,1),(804,36,99,8),(805,36,102,11),(806,36,109,NULL),(807,36,93,NULL),(808,36,113,17),(809,36,95,9),(810,36,97,12),(811,36,111,2),(812,36,105,4),(813,36,106,15),(814,36,98,6),(815,36,100,5),(816,36,104,14),(817,36,114,NULL),(818,36,110,NULL),(819,36,108,NULL),(820,36,96,10),(821,36,103,13),(822,36,107,16),(823,36,101,7),(824,36,112,3),(825,37,3,NULL),(826,37,9,NULL),(827,37,14,NULL),(828,37,11,NULL),(829,37,8,NULL),(830,37,2,NULL),(831,37,12,NULL),(832,37,7,NULL),(833,37,4,NULL),(834,37,6,NULL),(835,37,10,NULL),(836,37,15,NULL),(837,37,13,NULL),(838,37,5,NULL),(839,38,83,NULL),(840,38,75,12),(841,38,84,15),(842,38,72,6),(843,38,92,2),(844,38,86,9),(845,38,88,17),(846,38,80,13),(847,38,76,1),(848,38,81,14),(849,38,85,4),(850,38,78,11),(851,38,91,NULL),(852,38,87,10),(853,38,89,NULL),(854,38,73,7),(855,38,74,8),(856,38,82,16),(857,38,77,5),(858,38,90,NULL),(859,38,79,3),(860,39,94,5),(861,39,99,NULL),(862,39,102,12),(863,39,109,6),(864,39,93,4),(865,39,113,7),(866,39,95,8),(867,39,97,10),(868,39,111,NULL),(869,39,105,NULL),(870,39,106,NULL),(871,39,98,1),(872,39,100,9),(873,39,104,NULL),(874,39,114,14),(875,39,110,NULL),(876,39,108,2),(877,39,96,3),(878,39,103,13),(879,39,107,NULL),(880,39,101,11),(881,39,112,NULL),(882,40,3,NULL),(883,40,9,NULL),(884,40,14,NULL),(885,40,11,NULL),(886,40,8,NULL),(887,40,2,NULL),(888,40,12,NULL),(889,40,7,NULL),(890,40,4,NULL),(891,40,6,NULL),(892,40,10,NULL),(893,40,15,NULL),(894,40,13,NULL),(895,40,5,NULL),(896,41,83,NULL),(897,41,75,4),(898,41,84,NULL),(899,41,72,1),(900,41,92,NULL),(901,41,86,NULL),(902,41,88,6),(903,41,80,NULL),(904,41,76,5),(905,41,81,NULL),(906,41,85,NULL),(907,41,78,NULL),(908,41,91,NULL),(909,41,87,NULL),(910,41,89,NULL),(911,41,73,2),(912,41,74,3),(913,41,82,NULL),(914,41,77,8),(915,41,90,NULL),(916,41,79,7),(917,42,94,NULL),(918,42,99,4),(919,42,102,5),(920,42,109,NULL),(921,42,93,NULL),(922,42,113,NULL),(923,42,95,NULL),(924,42,97,3),(925,42,111,NULL),(926,42,105,13),(927,42,106,14),(928,42,98,2),(929,42,100,8),(930,42,104,11),(931,42,114,NULL),(932,42,110,NULL),(933,42,108,10),(934,42,96,1),(935,42,103,9),(936,42,107,7),(937,42,101,12),(938,42,112,6),(939,43,3,4),(940,43,9,1),(941,43,14,NULL),(942,43,11,NULL),(943,43,8,NULL),(944,43,2,NULL),(945,43,12,NULL),(946,43,7,NULL),(947,43,4,2),(948,43,6,8),(949,43,10,5),(950,43,15,3),(951,43,13,7),(952,43,5,6),(953,44,83,8),(954,44,75,NULL),(955,44,84,7),(956,44,72,NULL),(957,44,92,16),(958,44,86,10),(959,44,88,14),(960,44,80,3),(961,44,76,NULL),(962,44,81,5),(963,44,85,9),(964,44,78,1),(965,44,91,15),(966,44,87,12),(967,44,89,11),(968,44,73,NULL),(969,44,74,4),(970,44,82,6),(971,44,77,NULL),(972,44,90,13),(973,44,79,2),(974,45,94,4),(975,45,99,8),(976,45,102,6),(977,45,109,10),(978,45,93,3),(979,45,113,NULL),(980,45,95,NULL),(981,45,97,7),(982,45,111,NULL),(983,45,105,14),(984,45,106,15),(985,45,98,2),(986,45,100,12),(987,45,104,13),(988,45,114,NULL),(989,45,110,NULL),(990,45,108,17),(991,45,96,1),(992,45,103,11),(993,45,107,16),(994,45,101,9),(995,45,112,5),(996,46,3,3),(997,46,9,10),(998,46,14,20),(999,46,11,14),(1000,46,8,8),(1001,46,2,24),(1002,46,12,16),(1003,46,7,6),(1004,46,4,4),(1005,46,6,2),(1006,46,10,12),(1007,46,15,22),(1008,46,13,18),(1009,46,5,1),(1010,47,83,7),(1011,47,75,4),(1012,47,84,9),(1013,47,72,18),(1014,47,92,17),(1015,47,86,11),(1016,47,88,13),(1017,47,80,5),(1018,47,76,2),(1019,47,81,6),(1020,47,85,10),(1021,47,78,1),(1022,47,91,16),(1023,47,87,12),(1024,47,89,14),(1025,47,73,19),(1026,47,74,NULL),(1027,47,82,8),(1028,47,77,NULL),(1029,47,90,15),(1030,47,79,3),(1031,48,94,NULL),(1032,48,99,5),(1033,48,102,10),(1034,48,109,6),(1035,48,93,4),(1036,48,113,19),(1037,48,95,NULL),(1038,48,97,3),(1039,48,111,17),(1040,48,105,2),(1041,48,106,14),(1042,48,98,7),(1043,48,100,8),(1044,48,104,12),(1045,48,114,NULL),(1046,48,110,13),(1047,48,108,16),(1048,48,96,1),(1049,48,103,11),(1050,48,107,15),(1051,48,101,9),(1052,48,112,18),(1053,49,3,NULL),(1054,49,9,2),(1055,49,14,NULL),(1056,49,11,4),(1057,49,8,8),(1058,49,2,NULL),(1059,49,12,6),(1060,49,7,5),(1061,49,4,7),(1062,49,6,1),(1063,49,10,3),(1064,49,15,NULL),(1065,49,13,NULL),(1066,49,5,NULL),(1067,50,83,1),(1068,50,75,16),(1069,50,84,5),(1070,50,72,NULL),(1071,50,92,NULL),(1072,50,86,12),(1073,50,88,15),(1074,50,80,10),(1075,50,76,NULL),(1076,50,81,11),(1077,50,85,9),(1078,50,78,4),(1079,50,91,NULL),(1080,50,87,14),(1081,50,89,6),(1082,50,73,2),(1083,50,74,13),(1084,50,82,7),(1085,50,77,3),(1086,50,90,NULL),(1087,50,79,8),(1088,51,94,1),(1089,51,99,6),(1090,51,102,9),(1091,51,109,NULL),(1092,51,93,NULL),(1093,51,113,NULL),(1094,51,95,2),(1095,51,97,4),(1096,51,111,NULL),(1097,51,105,14),(1098,51,106,13),(1099,51,98,5),(1100,51,100,7),(1101,51,104,12),(1102,51,114,11),(1103,51,110,NULL),(1104,51,108,16),(1105,51,96,3),(1106,51,103,10),(1107,51,107,15),(1108,51,101,8),(1109,51,112,17),(1110,52,3,5),(1111,52,9,NULL),(1112,52,14,2),(1113,52,11,NULL),(1114,52,8,11),(1115,52,2,9),(1116,52,12,NULL),(1117,52,7,10),(1118,52,4,1),(1119,52,6,6),(1120,52,10,8),(1121,52,15,7),(1122,52,13,3),(1123,52,5,4),(1124,53,83,NULL),(1125,53,75,5),(1126,53,84,NULL),(1127,53,72,1),(1128,53,92,NULL),(1129,53,86,NULL),(1130,53,88,NULL),(1131,53,80,3),(1132,53,76,6),(1133,53,81,9),(1134,53,85,NULL),(1135,53,78,8),(1136,53,91,NULL),(1137,53,87,NULL),(1138,53,89,NULL),(1139,53,73,2),(1140,53,74,4),(1141,53,82,NULL),(1142,53,77,7),(1143,53,90,NULL),(1144,53,79,10),(1145,54,94,6),(1146,54,99,1),(1147,54,102,2),(1148,54,109,NULL),(1149,54,93,NULL),(1150,54,113,NULL),(1151,54,95,8),(1152,54,97,7),(1153,54,111,NULL),(1154,54,105,5),(1155,54,106,NULL),(1156,54,98,NULL),(1157,54,100,4),(1158,54,104,3),(1159,54,114,NULL),(1160,54,110,NULL),(1161,54,108,NULL),(1162,54,96,NULL),(1163,54,103,10),(1164,54,107,NULL),(1165,54,101,9),(1166,54,112,NULL),(1167,55,3,4),(1168,55,9,NULL),(1169,55,14,NULL),(1170,55,11,NULL),(1171,55,8,NULL),(1172,55,2,1),(1173,55,12,NULL),(1174,55,7,NULL),(1175,55,4,2),(1176,55,6,NULL),(1177,55,10,NULL),(1178,55,15,NULL),(1179,55,13,NULL),(1180,55,5,3),(1181,56,83,12),(1182,56,75,4),(1183,56,84,13),(1184,56,72,NULL),(1185,56,92,NULL),(1186,56,86,16),(1187,56,88,15),(1188,56,80,9),(1189,56,76,6),(1190,56,81,10),(1191,56,85,14),(1192,56,78,8),(1193,56,91,NULL),(1194,56,87,18),(1195,56,89,2),(1196,56,73,1),(1197,56,74,3),(1198,56,82,11),(1199,56,77,7),(1200,56,90,17),(1201,56,79,5),(1202,57,94,1),(1203,57,99,9),(1204,57,102,7),(1205,57,109,NULL),(1206,57,93,NULL),(1207,57,113,2),(1208,57,95,3),(1209,57,97,5),(1210,57,111,NULL),(1211,57,105,15),(1212,57,106,16),(1213,57,98,6),(1214,57,100,10),(1215,57,104,14),(1216,57,114,11),(1217,57,110,NULL),(1218,57,108,NULL),(1219,57,96,4),(1220,57,103,13),(1221,57,107,NULL),(1222,57,101,12),(1223,57,112,8),(1224,58,3,NULL),(1225,58,9,NULL),(1226,58,14,NULL),(1227,58,11,NULL),(1228,58,8,NULL),(1229,58,2,NULL),(1230,58,12,NULL),(1231,58,7,NULL),(1232,58,4,NULL),(1233,58,6,NULL),(1234,58,10,NULL),(1235,58,15,NULL),(1236,58,13,NULL),(1237,58,5,NULL),(1238,59,83,7),(1239,59,75,NULL),(1240,59,84,8),(1241,59,72,NULL),(1242,59,92,NULL),(1243,59,86,9),(1244,59,88,13),(1245,59,80,3),(1246,59,76,NULL),(1247,59,81,4),(1248,59,85,10),(1249,59,78,2),(1250,59,91,11),(1251,59,87,12),(1252,59,89,NULL),(1253,59,73,NULL),(1254,59,74,NULL),(1255,59,82,5),(1256,59,77,1),(1257,59,90,NULL),(1258,59,79,6),(1259,60,94,7),(1260,60,99,3),(1261,60,102,8),(1262,60,109,NULL),(1263,60,93,NULL),(1264,60,113,NULL),(1265,60,95,9),(1266,60,97,1),(1267,60,111,NULL),(1268,60,105,12),(1269,60,106,13),(1270,60,98,2),(1271,60,100,4),(1272,60,104,11),(1273,60,114,17),(1274,60,110,NULL),(1275,60,108,16),(1276,60,96,5),(1277,60,103,10),(1278,60,107,14),(1279,60,101,6),(1280,60,112,15);
/*!40000 ALTER TABLE `games_users_register` ENABLE KEYS */;
UNLOCK TABLES;

--
-- Table structure for table `games_users_rol`
--

DROP TABLE IF EXISTS `games_users_rol`;
/*!40101 SET @saved_cs_client     = @@character_set_client */;
/*!50503 SET character_set_client = utf8mb4 */;
CREATE TABLE `games_users_rol` (
  `id` int(11) NOT NULL AUTO_INCREMENT,
  `game_id` int(11) NOT NULL,
  `user_id` int(11) NOT NULL,
  `rol_id` int(11) NOT NULL,
  PRIMARY KEY (`id`),
  UNIQUE KEY `games_users_rol_un` (`game_id`,`user_id`),
  KEY `games_users_rol_fk_1` (`user_id`),
  KEY `games_users_rol_fk_2` (`rol_id`),
  CONSTRAINT `games_users_rol_fk` FOREIGN KEY (`game_id`) REFERENCES `games` (`game_id`) ON DELETE CASCADE ON UPDATE CASCADE,
  CONSTRAINT `games_users_rol_fk_1` FOREIGN KEY (`user_id`) REFERENCES `users` (`user_id`),
  CONSTRAINT `games_users_rol_fk_2` FOREIGN KEY (`rol_id`) REFERENCES `rols` (`rol_id`)
) ENGINE=InnoDB AUTO_INCREMENT=1143 DEFAULT CHARSET=latin1;
/*!40101 SET character_set_client = @saved_cs_client */;

--
-- Dumping data for table `games_users_rol`
--

LOCK TABLES `games_users_rol` WRITE;
/*!40000 ALTER TABLE `games_users_rol` DISABLE KEYS */;
INSERT INTO `games_users_rol` VALUES (2,1,2,2),(3,1,3,1),(4,1,4,2),(5,1,5,2),(6,1,6,2),(7,1,7,2),(8,1,8,2),(9,1,9,2),(10,1,10,2),(11,1,11,2),(12,1,12,2),(13,1,13,1),(14,1,14,1),(15,1,15,2),(16,2,72,2),(17,2,73,2),(18,2,74,2),(19,2,75,2),(20,2,76,1),(21,2,77,2),(22,2,78,1),(23,2,79,1),(24,2,80,1),(25,2,81,2),(26,2,82,2),(27,2,83,2),(28,2,84,1),(29,2,85,2),(30,2,86,1),(31,2,87,2),(32,2,88,2),(33,2,89,1),(34,2,90,2),(35,2,91,2),(36,2,92,2),(37,3,93,2),(38,3,94,2),(39,3,95,1),(40,3,96,2),(41,3,97,2),(42,3,98,2),(43,3,99,2),(44,3,100,2),(45,3,101,1),(46,3,102,2),(47,3,103,2),(48,3,104,2),(49,3,105,2),(50,3,106,2),(51,3,107,2),(52,3,108,2),(53,3,109,2),(54,3,110,2),(55,3,111,2),(56,3,112,2),(57,3,113,2),(58,3,114,1),(59,4,2,2),(60,4,3,2),(61,4,4,1),(62,4,5,2),(63,4,6,2),(64,4,7,2),(65,4,8,1),(66,4,9,1),(67,4,10,2),(68,4,11,2),(69,4,12,2),(70,4,13,2),(71,4,14,2),(72,4,15,2),(73,5,72,2),(74,5,73,2),(75,5,74,2),(76,5,75,2),(77,5,76,2),(78,5,77,2),(79,5,78,2),(80,5,79,2),(81,5,80,2),(82,5,81,2),(83,5,82,2),(84,5,83,2),(85,5,84,2),(86,5,85,2),(87,5,86,2),(88,5,87,1),(89,5,88,1),(90,5,89,2),(91,5,90,2),(92,5,91,2),(93,5,92,2),(94,6,93,1),(95,6,94,2),(96,6,95,2),(97,6,96,2),(98,6,97,2),(99,6,98,2),(100,6,99,2),(101,6,100,1),(102,6,101,2),(103,6,102,1),(104,6,103,2),(105,6,104,1),(106,6,105,2),(107,6,106,2),(108,6,107,1),(109,6,108,1),(110,6,109,2),(111,6,110,2),(112,6,111,1),(113,6,112,1),(114,6,113,2),(115,6,114,1),(116,7,2,2),(117,7,3,2),(118,7,4,2),(119,7,5,2),(120,7,6,2),(121,7,7,2),(122,7,8,1),(123,7,9,2),(124,7,10,1),(125,7,11,2),(126,7,12,2),(127,7,13,2),(128,7,14,1),(129,7,15,2),(130,8,72,2),(131,8,73,1),(132,8,74,1),(133,8,75,1),(134,8,76,2),(135,8,77,2),(136,8,78,2),(137,8,79,1),(138,8,80,2),(139,8,81,2),(140,8,82,1),(141,8,83,2),(142,8,84,2),(143,8,85,1),(144,8,86,2),(145,8,87,1),(146,8,88,2),(147,8,89,2),(148,8,90,2),(149,8,91,2),(150,8,92,2),(151,9,93,2),(152,9,94,2),(153,9,95,2),(154,9,96,2),(155,9,97,2),(156,9,98,1),(157,9,99,2),(158,9,100,1),(159,9,101,1),(160,9,102,2),(161,9,103,2),(162,9,104,1),(163,9,105,2),(164,9,106,2),(165,9,107,2),(166,9,108,2),(167,9,109,2),(168,9,110,2),(169,9,111,2),(170,9,112,2),(171,9,113,2),(172,9,114,2),(173,10,2,2),(174,10,3,2),(175,10,4,2),(176,10,5,2),(177,10,6,1),(178,10,7,1),(179,10,8,1),(180,10,9,2),(181,10,10,2),(182,10,11,2),(183,10,12,2),(184,10,13,1),(185,10,14,2),(186,10,15,2),(187,11,72,1),(188,11,73,2),(189,11,74,2),(190,11,75,2),(191,11,76,1),(192,11,77,2),(193,11,78,2),(194,11,79,2),(195,11,80,1),(196,11,81,1),(197,11,82,1),(198,11,83,2),(199,11,84,2),(200,11,85,2),(201,11,86,2),(202,11,87,2),(203,11,88,2),(204,11,89,2),(205,11,90,2),(206,11,91,2),(207,11,92,1),(208,12,93,2),(209,12,94,2),(210,12,95,1),(211,12,96,2),(212,12,97,2),(213,12,98,2),(214,12,99,2),(215,12,100,2),(216,12,101,2),(217,12,102,2),(218,12,103,1),(219,12,104,2),(220,12,105,2),(221,12,106,2),(222,12,107,2),(223,12,108,1),(224,12,109,2),(225,12,110,2),(226,12,111,1),(227,12,112,2),(228,12,113,2),(229,12,114,2),(230,13,2,2),(231,13,3,2),(232,13,4,2),(233,13,5,2),(234,13,6,1),(235,13,7,1),(236,13,8,2),(237,13,9,2),(238,13,10,2),(239,13,11,2),(240,13,12,2),(241,13,13,2),(242,13,14,2),(243,13,15,2),(244,14,72,2),(245,14,73,2),(246,14,74,2),(247,14,75,2),(248,14,76,1),(249,14,77,2),(250,14,78,2),(251,14,79,2),(252,14,80,1),(253,14,81,2),(254,14,82,2),(255,14,83,2),(256,14,84,1),(257,14,85,2),(258,14,86,2),(259,14,87,2),(260,14,88,2),(261,14,89,2),(262,14,90,2),(263,14,91,2),(264,14,92,1),(265,15,93,2),(266,15,94,2),(267,15,95,2),(268,15,96,2),(269,15,97,1),(270,15,98,1),(271,15,99,2),(272,15,100,1),(273,15,101,2),(274,15,102,2),(275,15,103,2),(276,15,104,2),(277,15,105,1),(278,15,106,2),(279,15,107,2),(280,15,108,2),(281,15,109,1),(282,15,110,2),(283,15,111,1),(284,15,112,1),(285,15,113,2),(286,15,114,1),(287,16,2,2),(288,16,3,2),(289,16,4,1),(290,16,5,1),(291,16,6,2),(292,16,7,2),(293,16,8,2),(294,16,9,2),(295,16,10,1),(296,16,11,2),(297,16,12,2),(298,16,13,1),(299,16,14,2),(300,16,15,2),(301,17,72,2),(302,17,73,2),(303,17,74,2),(304,17,75,2),(305,17,76,2),(306,17,77,2),(307,17,78,2),(308,17,79,2),(309,17,80,2),(310,17,81,2),(311,17,82,2),(312,17,83,2),(313,17,84,2),(314,17,85,1),(315,17,86,2),(316,17,87,1),(317,17,88,2),(318,17,89,2),(319,17,90,1),(320,17,91,2),(321,17,92,2),(322,18,93,2),(323,18,94,2),(324,18,95,2),(325,18,96,2),(326,18,97,2),(327,18,98,2),(328,18,99,2),(329,18,100,2),(330,18,101,2),(331,18,102,2),(332,18,103,1),(333,18,104,2),(334,18,105,2),(335,18,106,2),(336,18,107,2),(337,18,108,2),(338,18,109,2),(339,18,110,2),(340,18,111,1),(341,18,112,2),(342,18,113,2),(343,18,114,2),(344,19,2,2),(345,19,3,1),(346,19,4,2),(347,19,5,2),(348,19,6,1),(349,19,7,2),(350,19,8,2),(351,19,9,1),(352,19,10,2),(353,19,11,2),(354,19,12,2),(355,19,13,2),(356,19,14,2),(357,19,15,2),(358,20,72,2),(359,20,73,1),(360,20,74,1),(361,20,75,2),(362,20,76,1),(363,20,77,2),(364,20,78,2),(365,20,79,2),(366,20,80,1),(367,20,81,2),(368,20,82,2),(369,20,83,2),(370,20,84,2),(371,20,85,1),(372,20,86,2),(373,20,87,2),(374,20,88,2),(375,20,89,2),(376,20,90,2),(377,20,91,1),(378,20,92,2),(379,21,93,1),(380,21,94,2),(381,21,95,2),(382,21,96,2),(383,21,97,2),(384,21,98,2),(385,21,99,2),(386,21,100,2),(387,21,101,2),(388,21,102,2),(389,21,103,2),(390,21,104,2),(391,21,105,2),(392,21,106,1),(393,21,107,2),(394,21,108,2),(395,21,109,2),(396,21,110,2),(397,21,111,2),(398,21,112,2),(399,21,113,2),(400,21,114,2),(401,22,2,2),(402,22,3,1),(403,22,4,1),(404,22,5,1),(405,22,6,1),(406,22,7,1),(407,22,8,2),(408,22,9,2),(409,22,10,1),(410,22,11,2),(411,22,12,2),(412,22,13,2),(413,22,14,2),(414,22,15,1),(415,23,72,1),(416,23,73,2),(417,23,74,2),(418,23,75,2),(419,23,76,1),(420,23,77,1),(421,23,78,2),(422,23,79,2),(423,23,80,2),(424,23,81,2),(425,23,82,2),(426,23,83,2),(427,23,84,2),(428,23,85,2),(429,23,86,2),(430,23,87,2),(431,23,88,2),(432,23,89,2),(433,23,90,2),(434,23,91,2),(435,23,92,1),(436,24,93,2),(437,24,94,2),(438,24,95,1),(439,24,96,1),(440,24,97,1),(441,24,98,1),(442,24,99,2),(443,24,100,1),(444,24,101,2),(445,24,102,1),(446,24,103,2),(447,24,104,2),(448,24,105,2),(449,24,106,2),(450,24,107,2),(451,24,108,2),(452,24,109,1),(453,24,110,2),(454,24,111,2),(455,24,112,1),(456,24,113,1),(457,24,114,2),(458,25,2,2),(459,25,3,2),(460,25,4,1),(461,25,5,1),(462,25,6,2),(463,25,7,2),(464,25,8,2),(465,25,9,2),(466,25,10,2),(467,25,11,2),(468,25,12,1),(469,25,13,2),(470,25,14,2),(471,25,15,1),(472,26,72,1),(473,26,73,2),(474,26,74,2),(475,26,75,2),(476,26,76,2),(477,26,77,2),(478,26,78,2),(479,26,79,2),(480,26,80,1),(481,26,81,2),(482,26,82,2),(483,26,83,1),(484,26,84,1),(485,26,85,2),(486,26,86,2),(487,26,87,1),(488,26,88,1),(489,26,89,2),(490,26,90,2),(491,26,91,1),(492,26,92,2),(493,27,93,2),(494,27,94,2),(495,27,95,2),(496,27,96,2),(497,27,97,2),(498,27,98,2),(499,27,99,2),(500,27,100,1),(501,27,101,2),(502,27,102,2),(503,27,103,1),(504,27,104,2),(505,27,105,2),(506,27,106,1),(507,27,107,2),(508,27,108,1),(509,27,109,2),(510,27,110,2),(511,27,111,2),(512,27,112,1),(513,27,113,2),(514,27,114,2),(515,28,2,2),(516,28,3,1),(517,28,4,2),(518,28,5,1),(519,28,6,2),(520,28,7,2),(521,28,8,2),(522,28,9,2),(523,28,10,2),(524,28,11,2),(525,28,12,2),(526,28,13,2),(527,28,14,1),(528,28,15,2),(529,29,72,2),(530,29,73,2),(531,29,74,1),(532,29,75,2),(533,29,76,2),(534,29,77,2),(535,29,78,2),(536,29,79,2),(537,29,80,2),(538,29,81,1),(539,29,82,1),(540,29,83,1),(541,29,84,1),(542,29,85,2),(543,29,86,1),(544,29,87,2),(545,29,88,2),(546,29,89,1),(547,29,90,1),(548,29,91,2),(549,29,92,1),(550,30,93,1),(551,30,94,2),(552,30,95,2),(553,30,96,2),(554,30,97,1),(555,30,98,2),(556,30,99,1),(557,30,100,1),(558,30,101,2),(559,30,102,2),(560,30,103,2),(561,30,104,1),(562,30,105,2),(563,30,106,1),(564,30,107,2),(565,30,108,2),(566,30,109,2),(567,30,110,2),(568,30,111,1),(569,30,112,2),(570,30,113,2),(571,30,114,2),(572,31,2,1),(573,31,3,2),(574,31,4,1),(575,31,5,2),(576,31,6,2),(577,31,7,1),(578,31,8,2),(579,31,9,2),(580,31,10,1),(581,31,11,2),(582,31,12,1),(583,31,13,2),(584,31,14,2),(585,31,15,2),(586,32,72,2),(587,32,73,2),(588,32,74,1),(589,32,75,2),(590,32,76,2),(591,32,77,2),(592,32,78,2),(593,32,79,1),(594,32,80,1),(595,32,81,2),(596,32,82,2),(597,32,83,2),(598,32,84,2),(599,32,85,2),(600,32,86,2),(601,32,87,2),(602,32,88,2),(603,32,89,2),(604,32,90,2),(605,32,91,2),(606,32,92,1),(607,33,93,2),(608,33,94,2),(609,33,95,2),(610,33,96,2),(611,33,97,2),(612,33,98,1),(613,33,99,1),(614,33,100,1),(615,33,101,1),(616,33,102,1),(617,33,103,2),(618,33,104,2),(619,33,105,1),(620,33,106,2),(621,33,107,1),(622,33,108,1),(623,33,109,2),(624,33,110,2),(625,33,111,2),(626,33,112,2),(627,33,113,1),(628,33,114,2),(629,34,2,1),(630,34,3,1),(631,34,4,2),(632,34,5,2),(633,34,6,2),(634,34,7,2),(635,34,8,2),(636,34,9,2),(637,34,10,1),(638,34,11,1),(639,34,12,1),(640,34,13,1),(641,34,14,2),(642,34,15,2),(643,35,72,2),(644,35,73,2),(645,35,74,2),(646,35,75,2),(647,35,76,2),(648,35,77,2),(649,35,78,2),(650,35,79,2),(651,35,80,2),(652,35,81,1),(653,35,82,1),(654,35,83,2),(655,35,84,2),(656,35,85,1),(657,35,86,2),(658,35,87,2),(659,35,88,2),(660,35,89,2),(661,35,90,2),(662,35,91,2),(663,35,92,2),(664,36,93,1),(665,36,94,2),(666,36,95,2),(667,36,96,2),(668,36,97,1),(669,36,98,2),(670,36,99,2),(671,36,100,2),(672,36,101,2),(673,36,102,2),(674,36,103,2),(675,36,104,2),(676,36,105,2),(677,36,106,2),(678,36,107,1),(679,36,108,1),(680,36,109,1),(681,36,110,1),(682,36,111,2),(683,36,112,2),(684,36,113,2),(685,36,114,2),(687,37,2,2),(688,37,3,2),(689,37,4,2),(690,37,5,1),(691,37,6,2),(692,37,7,2),(693,37,8,2),(694,37,9,2),(695,37,10,2),(696,37,11,2),(697,37,12,2),(698,37,13,2),(699,37,14,2),(700,37,15,2),(701,38,72,1),(702,38,73,2),(703,38,74,2),(704,38,75,2),(705,38,76,2),(706,38,77,2),(707,38,78,2),(708,38,79,2),(709,38,80,2),(710,38,81,2),(711,38,82,1),(712,38,83,1),(713,38,84,2),(714,38,85,2),(715,38,86,2),(716,38,87,2),(717,38,88,2),(718,38,89,1),(719,38,90,2),(720,38,91,1),(721,38,92,1),(722,39,93,1),(723,39,94,2),(724,39,95,2),(725,39,96,2),(726,39,97,1),(727,39,98,2),(728,39,99,1),(729,39,100,2),(730,39,101,2),(731,39,102,1),(732,39,103,2),(733,39,104,2),(734,39,105,2),(735,39,106,2),(736,39,107,2),(737,39,108,1),(738,39,109,2),(739,39,110,2),(740,39,111,2),(741,39,112,2),(742,39,113,2),(743,39,114,1),(744,40,2,2),(745,40,3,2),(746,40,4,2),(747,40,5,2),(748,40,6,2),(749,40,7,2),(750,40,8,2),(751,40,9,2),(752,40,10,2),(753,40,11,2),(754,40,12,2),(755,40,13,2),(756,40,14,1),(757,40,15,2),(758,41,72,2),(759,41,73,1),(760,41,74,2),(761,41,75,2),(762,41,76,2),(763,41,77,1),(764,41,78,1),(765,41,79,2),(766,41,80,2),(767,41,81,2),(768,41,82,2),(769,41,83,2),(770,41,84,2),(771,41,85,2),(772,41,86,2),(773,41,87,2),(774,41,88,2),(775,41,89,2),(776,41,90,2),(777,41,91,2),(778,41,92,2),(779,42,93,2),(780,42,94,2),(781,42,95,2),(782,42,96,2),(783,42,97,2),(784,42,98,2),(785,42,99,2),(786,42,100,1),(787,42,101,1),(788,42,102,2),(789,42,103,2),(790,42,104,2),(791,42,105,2),(792,42,106,1),(793,42,107,2),(794,42,108,2),(795,42,109,2),(796,42,110,2),(797,42,111,2),(798,42,112,2),(799,42,113,1),(800,42,114,2),(801,43,2,1),(802,43,3,2),(803,43,4,1),(804,43,5,2),(805,43,6,2),(806,43,7,1),(807,43,8,1),(808,43,9,2),(809,43,10,2),(810,43,11,1),(811,43,12,1),(812,43,13,2),(813,43,14,1),(814,43,15,2),(815,44,72,2),(816,44,73,2),(817,44,74,2),(818,44,75,2),(819,44,76,2),(820,44,77,1),(821,44,78,2),(822,44,79,1),(823,44,80,2),(824,44,81,2),(825,44,82,2),(826,44,83,1),(827,44,84,2),(828,44,85,2),(829,44,86,1),(830,44,87,1),(831,44,88,1),(832,44,89,2),(833,44,90,2),(834,44,91,2),(835,44,92,1),(836,45,93,2),(837,45,94,2),(838,45,95,1),(839,45,96,2),(840,45,97,2),(841,45,98,1),(842,45,99,2),(843,45,100,1),(844,45,101,2),(845,45,102,2),(846,45,103,2),(847,45,104,2),(848,45,105,2),(849,45,106,2),(850,45,107,2),(851,45,108,2),(852,45,109,2),(853,45,110,2),(854,45,111,1),(855,45,112,2),(856,45,113,1),(857,45,114,1),(858,46,2,2),(859,46,3,2),(860,46,4,1),(861,46,5,2),(862,46,6,2),(863,46,7,2),(864,46,8,2),(865,46,9,2),(866,46,10,2),(867,46,11,2),(868,46,12,2),(869,46,13,2),(870,46,14,2),(871,46,15,2),(872,47,72,2),(873,47,73,2),(874,47,74,2),(875,47,75,1),(876,47,76,1),(877,47,77,1),(878,47,78,2),(879,47,79,2),(880,47,80,2),(881,47,81,2),(882,47,82,1),(883,47,83,2),(884,47,84,2),(885,47,85,1),(886,47,86,2),(887,47,87,2),(888,47,88,2),(889,47,89,1),(890,47,90,2),(891,47,91,2),(892,47,92,2),(893,48,93,1),(894,48,94,1),(895,48,95,1),(896,48,96,2),(897,48,97,2),(898,48,98,2),(899,48,99,2),(900,48,100,2),(901,48,101,2),(902,48,102,2),(903,48,103,2),(904,48,104,2),(905,48,105,1),(906,48,106,2),(907,48,107,2),(908,48,108,1),(909,48,109,2),(910,48,110,2),(911,48,111,2),(912,48,112,2),(913,48,113,2),(914,48,114,2),(915,49,2,2),(916,49,3,1),(917,49,4,2),(918,49,5,2),(919,49,6,2),(920,49,7,2),(921,49,8,1),(922,49,9,2),(923,49,10,2),(924,49,11,1),(925,49,12,2),(926,49,13,2),(927,49,14,2),(928,49,15,2),(929,50,72,2),(930,50,73,2),(931,50,74,2),(932,50,75,1),(933,50,76,1),(934,50,77,2),(935,50,78,2),(936,50,79,2),(937,50,80,2),(938,50,81,2),(939,50,82,2),(940,50,83,2),(941,50,84,2),(942,50,85,2),(943,50,86,2),(944,50,87,2),(945,50,88,2),(946,50,89,1),(947,50,90,2),(948,50,91,2),(949,50,92,2),(950,51,93,1),(951,51,94,2),(952,51,95,2),(953,51,96,2),(954,51,97,1),(955,51,98,2),(956,51,99,2),(957,51,100,2),(958,51,101,2),(959,51,102,2),(960,51,103,2),(961,51,104,2),(962,51,105,1),(963,51,106,2),(964,51,107,2),(965,51,108,2),(966,51,109,2),(967,51,110,1),(968,51,111,1),(969,51,112,2),(970,51,113,1),(971,51,114,2),(972,52,2,2),(973,52,3,2),(974,52,4,2),(975,52,5,1),(976,52,6,2),(977,52,7,2),(978,52,8,2),(979,52,9,1),(980,52,10,2),(981,52,11,1),(982,52,12,1),(983,52,13,2),(984,52,14,1),(985,52,15,2),(986,53,72,2),(987,53,73,1),(988,53,74,1),(989,53,75,2),(990,53,76,2),(991,53,77,2),(992,53,78,2),(993,53,79,1),(994,53,80,2),(995,53,81,2),(996,53,82,1),(997,53,83,2),(998,53,84,2),(999,53,85,2),(1000,53,86,2),(1001,53,87,2),(1002,53,88,2),(1003,53,89,2),(1004,53,90,2),(1005,53,91,2),(1006,53,92,2),(1007,54,93,2),(1008,54,94,2),(1009,54,95,2),(1010,54,96,2),(1011,54,97,2),(1012,54,98,1),(1013,54,99,2),(1014,54,100,1),(1015,54,101,2),(1016,54,102,2),(1017,54,103,1),(1018,54,104,2),(1019,54,105,2),(1020,54,106,2),(1021,54,107,2),(1022,54,108,2),(1023,54,109,2),(1024,54,110,2),(1025,54,111,2),(1026,54,112,2),(1027,54,113,2),(1028,54,114,2),(1029,55,2,2),(1030,55,3,1),(1031,55,4,2),(1032,55,5,2),(1033,55,6,2),(1034,55,7,2),(1035,55,8,2),(1036,55,9,2),(1037,55,10,2),(1038,55,11,1),(1039,55,12,2),(1040,55,13,2),(1041,55,14,2),(1042,55,15,2),(1043,56,72,1),(1044,56,73,2),(1045,56,74,2),(1046,56,75,1),(1047,56,76,2),(1048,56,77,2),(1049,56,78,1),(1050,56,79,2),(1051,56,80,2),(1052,56,81,2),(1053,56,82,2),(1054,56,83,2),(1055,56,84,2),(1056,56,85,2),(1057,56,86,1),(1058,56,87,1),(1059,56,88,2),(1060,56,89,1),(1061,56,90,2),(1062,56,91,2),(1063,56,92,2),(1064,57,93,1),(1065,57,94,2),(1066,57,95,2),(1067,57,96,2),(1068,57,97,2),(1069,57,98,1),(1070,57,99,2),(1071,57,100,2),(1072,57,101,2),(1073,57,102,2),(1074,57,103,2),(1075,57,104,1),(1076,57,105,2),(1077,57,106,1),(1078,57,107,2),(1079,57,108,2),(1080,57,109,2),(1081,57,110,2),(1082,57,111,2),(1083,57,112,2),(1084,57,113,2),(1085,57,114,2),(1086,58,2,2),(1087,58,3,2),(1088,58,4,2),(1089,58,5,2),(1090,58,6,1),(1091,58,7,2),(1092,58,8,2),(1093,58,9,2),(1094,58,10,2),(1095,58,11,2),(1096,58,12,2),(1097,58,13,2),(1098,58,14,2),(1099,58,15,2),(1100,59,72,1),(1101,59,73,1),(1102,59,74,1),(1103,59,75,1),(1104,59,76,1),(1105,59,77,2),(1106,59,78,2),(1107,59,79,1),(1108,59,80,2),(1109,59,81,2),(1110,59,82,2),(1111,59,83,2),(1112,59,84,1),(1113,59,85,1),(1114,59,86,2),(1115,59,87,2),(1116,59,88,2),(1117,59,89,1),(1118,59,90,1),(1119,59,91,2),(1120,59,92,2),(1121,60,93,2),(1122,60,94,2),(1123,60,95,2),(1124,60,96,2),(1125,60,97,2),(1126,60,98,2),(1127,60,99,2),(1128,60,100,2),(1129,60,101,2),(1130,60,102,2),(1131,60,103,2),(1132,60,104,2),(1133,60,105,1),(1134,60,106,2),(1135,60,107,2),(1136,60,108,1),(1137,60,109,1),(1138,60,110,1),(1139,60,111,1),(1140,60,112,2),(1141,60,113,1),(1142,60,114,2);
/*!40000 ALTER TABLE `games_users_rol` ENABLE KEYS */;
UNLOCK TABLES;

--
-- Table structure for table `games_users_votes`
--

DROP TABLE IF EXISTS `games_users_votes`;
/*!40101 SET @saved_cs_client     = @@character_set_client */;
/*!50503 SET character_set_client = utf8mb4 */;
CREATE TABLE `games_users_votes` (
  `id` int(11) NOT NULL AUTO_INCREMENT,
  `game_id` int(11) NOT NULL,
  `user_send_vote` int(11) NOT NULL,
  `user_receive_vote` int(11) NOT NULL,
  `turn` int(11) NOT NULL,
  PRIMARY KEY (`id`),
  UNIQUE KEY `games_users_votes_un` (`game_id`,`user_send_vote`,`turn`),
  KEY `games_users_votes_fk_1` (`user_send_vote`),
  KEY `games_users_votes_fk_2` (`user_receive_vote`),
  CONSTRAINT `games_users_votes_fk` FOREIGN KEY (`game_id`) REFERENCES `games` (`game_id`) ON DELETE CASCADE ON UPDATE CASCADE,
  CONSTRAINT `games_users_votes_fk_1` FOREIGN KEY (`user_send_vote`) REFERENCES `users` (`user_id`),
  CONSTRAINT `games_users_votes_fk_2` FOREIGN KEY (`user_receive_vote`) REFERENCES `users` (`user_id`)
) ENGINE=InnoDB AUTO_INCREMENT=6851 DEFAULT CHARSET=latin1;
/*!40101 SET character_set_client = @saved_cs_client */;

--
-- Dumping data for table `games_users_votes`
--

LOCK TABLES `games_users_votes` WRITE;
/*!40000 ALTER TABLE `games_users_votes` DISABLE KEYS */;
INSERT INTO `games_users_votes` VALUES (344,2,76,87,1),(345,2,78,83,1),(346,2,79,85,1),(347,2,80,81,1),(348,2,84,81,1),(349,2,86,88,1),(350,2,89,72,1),(351,2,72,87,2),(352,2,73,89,2),(353,2,74,86,2),(354,2,75,72,2),(355,2,76,80,2),(356,2,77,90,2),(357,2,78,88,2),(358,2,79,79,2),(359,2,80,92,2),(360,2,82,90,2),(361,2,83,73,2),(362,2,84,91,2),(363,2,85,79,2),(364,2,86,83,2),(365,2,87,88,2),(366,2,88,73,2),(367,2,89,84,2),(368,2,90,82,2),(369,2,91,78,2),(370,2,92,85,2),(371,2,76,85,3),(372,2,78,77,3),(373,2,79,77,3),(374,2,80,90,3),(375,2,84,90,3),(376,2,86,85,3),(377,2,89,92,3),(378,2,72,91,4),(379,2,74,76,4),(380,2,75,86,4),(381,2,76,92,4),(382,2,78,78,4),(383,2,79,83,4),(384,2,80,74,4),(385,2,82,92,4),(386,2,83,86,4),(387,2,84,72,4),(388,2,85,84,4),(389,2,86,74,4),(390,2,87,74,4),(391,2,88,88,4),(392,2,89,78,4),(393,2,90,72,4),(394,2,91,78,4),(395,2,92,80,4),(396,2,76,82,5),(397,2,78,91,5),(398,2,79,92,5),(399,2,80,82,5),(400,2,84,82,5),(401,2,86,75,5),(402,2,89,75,5),(403,2,72,85,6),(404,2,75,80,6),(405,2,76,80,6),(406,2,78,86,6),(407,2,79,78,6),(408,2,80,85,6),(409,2,83,76,6),(410,2,84,75,6),(411,2,85,84,6),(412,2,86,75,6),(413,2,87,83,6),(414,2,88,91,6),(415,2,89,78,6),(416,2,90,88,6),(417,2,91,79,6),(418,2,92,78,6),(419,2,76,91,7),(420,2,79,85,7),(421,2,80,85,7),(422,2,84,83,7),(423,2,86,75,7),(424,2,89,83,7),(425,2,72,86,8),(426,2,75,91,8),(427,2,76,89,8),(428,2,79,72,8),(429,2,80,84,8),(430,2,84,91,8),(431,2,85,84,8),(432,2,86,86,8),(433,2,87,84,8),(434,2,88,84,8),(435,2,89,84,8),(436,2,90,79,8),(437,2,91,80,8),(438,2,92,79,8),(439,2,76,75,9),(440,2,79,85,9),(441,2,80,92,9),(442,2,86,75,9),(443,2,89,85,9),(444,2,72,79,10),(445,2,76,85,10),(446,2,79,76,10),(447,2,80,85,10),(448,2,85,79,10),(449,2,86,85,10),(450,2,87,85,10),(451,2,88,76,10),(452,2,89,91,10),(453,2,90,85,10),(454,2,91,85,10),(455,2,92,80,10),(456,2,76,87,11),(457,2,79,88,11),(458,2,80,87,11),(459,2,86,87,11),(460,2,89,87,11),(461,2,72,89,12),(462,2,76,72,12),(463,2,79,76,12),(464,2,80,76,12),(465,2,86,76,12),(466,2,88,79,12),(467,2,89,76,12),(468,2,90,72,12),(469,2,91,86,12),(470,2,92,86,12),(471,2,79,88,13),(472,2,80,90,13),(473,2,86,88,13),(474,2,89,88,13),(475,2,72,86,14),(476,2,79,86,14),(477,2,80,79,14),(478,2,86,79,14),(479,2,89,86,14),(480,2,90,91,14),(481,2,91,86,14),(482,2,92,79,14),(483,2,79,90,15),(484,2,80,90,15),(485,2,89,90,15),(486,2,72,89,16),(487,2,79,79,16),(488,2,80,79,16),(489,2,89,79,16),(490,2,91,89,16),(491,2,92,79,16),(492,2,80,91,17),(493,2,89,91,17),(494,2,72,89,18),(495,2,80,80,18),(496,2,89,92,18),(497,2,92,89,18),(498,3,95,99,1),(499,3,101,107,1),(500,3,114,98,1),(501,3,93,94,2),(502,3,94,93,2),(503,3,95,100,2),(504,3,96,110,2),(505,3,97,99,2),(506,3,99,99,2),(507,3,100,103,2),(508,3,101,99,2),(509,3,102,100,2),(510,3,103,93,2),(511,3,104,103,2),(512,3,105,97,2),(513,3,106,112,2),(514,3,107,105,2),(515,3,108,109,2),(516,3,109,113,2),(517,3,110,100,2),(518,3,111,104,2),(519,3,112,94,2),(520,3,113,106,2),(521,3,114,102,2),(522,3,95,93,3),(523,3,101,96,3),(524,3,114,113,3),(525,3,94,106,4),(526,3,95,100,4),(527,3,96,96,4),(528,3,97,103,4),(529,3,100,97,4),(530,3,101,114,4),(531,3,102,95,4),(532,3,103,94,4),(533,3,104,100,4),(534,3,105,105,4),(535,3,106,113,4),(536,3,107,104,4),(537,3,108,101,4),(538,3,109,111,4),(539,3,110,111,4),(540,3,111,107,4),(541,3,112,108,4),(542,3,113,114,4),(543,3,114,100,4),(544,3,95,103,5),(545,3,101,102,5),(546,3,114,108,5),(547,3,94,96,6),(548,3,95,103,6),(549,3,96,104,6),(550,3,97,110,6),(551,3,101,104,6),(552,3,103,103,6),(553,3,104,104,6),(554,3,105,101,6),(555,3,106,106,6),(556,3,107,103,6),(557,3,108,107,6),(558,3,109,112,6),(559,3,110,101,6),(560,3,111,101,6),(561,3,112,101,6),(562,3,113,96,6),(563,3,114,104,6),(564,3,95,97,7),(565,3,114,105,7),(566,3,94,103,8),(567,3,95,112,8),(568,3,96,103,8),(569,3,103,103,8),(570,3,104,108,8),(571,3,105,109,8),(572,3,106,106,8),(573,3,107,110,8),(574,3,108,96,8),(575,3,109,110,8),(576,3,110,103,8),(577,3,111,114,8),(578,3,112,94,8),(579,3,113,94,8),(580,3,114,110,8),(581,3,95,104,9),(582,3,114,104,9),(583,3,94,95,10),(584,3,95,95,10),(585,3,96,96,10),(586,3,105,94,10),(587,3,106,108,10),(588,3,107,105,10),(589,3,108,105,10),(590,3,109,105,10),(591,3,110,105,10),(592,3,111,109,10),(593,3,112,109,10),(594,3,113,105,10),(595,3,114,112,10),(596,3,95,109,11),(597,3,114,94,11),(598,3,95,106,12),(599,3,96,108,12),(600,3,106,95,12),(601,3,107,106,12),(602,3,108,106,12),(603,3,109,106,12),(604,3,110,114,12),(605,3,111,110,12),(606,3,112,108,12),(607,3,113,106,12),(608,3,114,109,12),(609,3,95,107,13),(610,3,114,107,13),(611,3,95,108,14),(612,3,96,113,14),(613,3,108,95,14),(614,3,109,108,14),(615,3,110,108,14),(616,3,111,95,14),(617,3,112,108,14),(618,3,113,95,14),(619,3,114,108,14),(620,3,95,96,15),(621,3,114,109,15),(622,3,95,109,16),(623,3,109,114,16),(624,3,110,109,16),(625,3,111,109,16),(626,3,112,109,16),(627,3,113,109,16),(628,3,114,109,16),(629,3,95,110,17),(630,3,114,110,17),(631,3,95,114,18),(632,3,111,111,18),(633,3,112,113,18),(634,3,113,111,18),(635,3,114,111,18),(636,3,95,112,19),(637,3,114,112,19),(638,4,4,12,1),(639,4,8,11,1),(640,4,9,10,1),(641,4,2,4,2),(642,4,3,5,2),(643,4,4,6,2),(644,4,5,12,2),(645,4,6,2,2),(646,4,7,9,2),(647,4,8,12,2),(648,4,9,13,2),(649,4,11,6,2),(650,4,12,15,2),(651,4,13,13,2),(652,4,14,11,2),(653,4,15,14,2),(654,4,4,14,3),(655,4,8,7,3),(656,4,9,3,3),(657,4,2,15,4),(658,4,4,13,4),(659,4,5,11,4),(660,4,7,7,4),(661,4,8,2,4),(662,4,9,4,4),(663,4,11,4,4),(664,4,12,9,4),(665,4,13,7,4),(666,4,14,4,4),(667,4,15,5,4),(668,4,8,11,5),(669,4,9,13,5),(670,4,2,8,6),(671,4,5,5,6),(672,4,7,14,6),(673,4,8,7,6),(674,4,9,7,6),(675,4,12,12,6),(676,4,13,5,6),(677,4,14,8,6),(678,4,15,5,6),(679,4,8,14,7),(680,4,9,12,7),(681,4,2,7,8),(682,4,7,7,8),(683,4,8,14,8),(684,4,9,13,8),(685,4,13,15,8),(686,4,14,9,8),(687,4,15,7,8),(688,4,8,14,9),(689,4,9,13,9),(690,4,2,8,10),(691,4,8,8,10),(692,4,9,8,10),(693,4,14,2,10),(694,4,15,14,10),(695,4,9,14,11),(696,4,2,9,12),(697,4,9,15,12),(698,4,15,9,12),(699,5,87,89,1),(700,5,88,89,1),(701,5,72,81,2),(702,5,73,73,2),(703,5,74,80,2),(704,5,75,79,2),(705,5,76,86,2),(706,5,77,78,2),(707,5,78,88,2),(708,5,79,75,2),(709,5,80,84,2),(710,5,81,92,2),(711,5,82,77,2),(712,5,83,91,2),(713,5,84,74,2),(714,5,85,92,2),(715,5,86,85,2),(716,5,87,84,2),(717,5,88,90,2),(718,5,90,84,2),(719,5,91,77,2),(720,5,92,90,2),(721,5,87,73,3),(722,5,88,81,3),(723,5,72,87,4),(724,5,74,77,4),(725,5,75,79,4),(726,5,76,80,4),(727,5,77,83,4),(728,5,78,77,4),(729,5,79,85,4),(730,5,80,76,4),(731,5,81,74,4),(732,5,82,90,4),(733,5,83,74,4),(734,5,85,85,4),(735,5,86,90,4),(736,5,87,76,4),(737,5,88,91,4),(738,5,90,90,4),(739,5,91,81,4),(740,5,92,82,4),(741,5,87,91,5),(742,5,88,91,5),(743,5,72,80,6),(744,5,74,76,6),(745,5,75,78,6),(746,5,76,80,6),(747,5,77,75,6),(748,5,78,85,6),(749,5,79,74,6),(750,5,80,76,6),(751,5,81,86,6),(752,5,82,82,6),(753,5,83,75,6),(754,5,85,92,6),(755,5,86,81,6),(756,5,87,72,6),(757,5,88,80,6),(758,5,92,78,6),(759,5,87,92,7),(760,5,88,92,7),(761,5,72,72,8),(762,5,74,75,8),(763,5,75,74,8),(764,5,76,72,8),(765,5,77,75,8),(766,5,78,79,8),(767,5,79,75,8),(768,5,81,72,8),(769,5,82,72,8),(770,5,83,85,8),(771,5,85,87,8),(772,5,86,75,8),(773,5,87,77,8),(774,5,88,72,8),(775,5,87,74,9),(776,5,88,74,9),(777,5,75,88,10),(778,5,76,78,10),(779,5,77,81,10),(780,5,78,83,10),(781,5,79,88,10),(782,5,81,83,10),(783,5,82,76,10),(784,5,83,76,10),(785,5,85,79,10),(786,5,86,85,10),(787,5,87,79,10),(788,5,88,83,10),(789,5,87,81,11),(790,5,88,85,11),(791,5,75,75,12),(792,5,76,85,12),(793,5,77,76,12),(794,5,78,75,12),(795,5,79,75,12),(796,5,82,75,12),(797,5,85,75,12),(798,5,86,82,12),(799,5,87,88,12),(800,5,88,75,12),(801,5,87,77,13),(802,5,88,76,13),(803,5,77,86,14),(804,5,78,77,14),(805,5,79,79,14),(806,5,82,86,14),(807,5,85,77,14),(808,5,86,77,14),(809,5,87,78,14),(810,5,88,82,14),(811,5,87,85,15),(812,5,88,78,15),(813,5,79,79,16),(814,5,82,88,16),(815,5,85,79,16),(816,5,86,79,16),(817,5,87,82,16),(818,5,88,79,16),(819,5,87,82,17),(820,5,88,82,17),(821,5,85,85,18),(822,5,86,85,18),(823,5,87,85,18),(824,5,88,85,18),(825,6,93,105,1),(826,6,100,97,1),(827,6,102,105,1),(828,6,104,109,1),(829,6,107,103,1),(830,6,108,113,1),(831,6,111,99,1),(832,6,112,109,1),(833,6,114,113,1),(834,6,93,99,2),(835,6,94,101,2),(836,6,95,93,2),(837,6,96,99,2),(838,6,97,114,2),(839,6,98,109,2),(840,6,99,106,2),(841,6,100,106,2),(842,6,101,98,2),(843,6,102,104,2),(844,6,103,110,2),(845,6,104,111,2),(846,6,106,95,2),(847,6,107,104,2),(848,6,108,102,2),(849,6,109,94,2),(850,6,110,102,2),(851,6,111,108,2),(852,6,112,103,2),(853,6,113,101,2),(854,6,114,113,2),(855,6,93,94,3),(856,6,100,106,3),(857,6,102,106,3),(858,6,104,106,3),(859,6,107,94,3),(860,6,108,97,3),(861,6,111,101,3),(862,6,112,94,3),(863,6,114,96,3),(864,6,93,102,4),(865,6,95,106,4),(866,6,96,106,4),(867,6,97,110,4),(868,6,98,93,4),(869,6,100,101,4),(870,6,101,95,4),(871,6,102,100,4),(872,6,103,106,4),(873,6,104,104,4),(874,6,106,106,4),(875,6,107,100,4),(876,6,108,113,4),(877,6,109,109,4),(878,6,110,106,4),(879,6,111,102,4),(880,6,112,109,4),(881,6,113,96,4),(882,6,114,95,4),(883,6,93,98,5),(884,6,100,109,5),(885,6,102,113,5),(886,6,104,101,5),(887,6,107,109,5),(888,6,108,110,5),(889,6,111,95,5),(890,6,112,110,5),(891,6,114,103,5),(892,6,93,97,6),(893,6,95,107,6),(894,6,96,112,6),(895,6,97,113,6),(896,6,98,107,6),(897,6,100,93,6),(898,6,101,107,6),(899,6,102,114,6),(900,6,103,93,6),(901,6,104,113,6),(902,6,107,95,6),(903,6,108,100,6),(904,6,110,107,6),(905,6,111,110,6),(906,6,112,93,6),(907,6,113,95,6),(908,6,114,107,6),(909,6,93,101,7),(910,6,100,103,7),(911,6,102,110,7),(912,6,104,110,7),(913,6,108,103,7),(914,6,111,101,7),(915,6,112,95,7),(916,6,114,101,7),(917,6,93,108,8),(918,6,95,110,8),(919,6,96,108,8),(920,6,97,108,8),(921,6,98,110,8),(922,6,100,102,8),(923,6,102,110,8),(924,6,103,108,8),(925,6,104,108,8),(926,6,108,110,8),(927,6,110,97,8),(928,6,111,110,8),(929,6,112,95,8),(930,6,113,98,8),(931,6,114,113,8),(932,6,93,113,9),(933,6,100,97,9),(934,6,102,97,9),(935,6,104,98,9),(936,6,111,113,9),(937,6,112,98,9),(938,6,114,98,9),(939,6,93,110,10),(940,6,95,110,10),(941,6,96,110,10),(942,6,97,110,10),(943,6,100,100,10),(944,6,102,111,10),(945,6,103,110,10),(946,6,104,112,10),(947,6,110,97,10),(948,6,111,100,10),(949,6,112,110,10),(950,6,113,100,10),(951,6,114,97,10),(952,6,93,113,11),(953,6,100,113,11),(954,6,102,96,11),(955,6,104,95,11),(956,6,111,113,11),(957,6,112,113,11),(958,6,114,113,11),(959,6,93,102,12),(960,6,95,97,12),(961,6,96,103,12),(962,6,97,114,12),(963,6,100,111,12),(964,6,102,102,12),(965,6,103,103,12),(966,6,104,111,12),(967,6,111,111,12),(968,6,112,93,12),(969,6,114,111,12),(970,6,93,95,13),(971,6,100,103,13),(972,6,102,95,13),(973,6,104,103,13),(974,6,112,95,13),(975,6,114,103,13),(976,6,93,102,14),(977,6,96,112,14),(978,6,97,102,14),(979,6,100,112,14),(980,6,102,104,14),(981,6,103,96,14),(982,6,104,100,14),(983,6,112,96,14),(984,6,114,114,14),(985,6,93,103,15),(986,6,100,97,15),(987,6,102,103,15),(988,6,104,97,15),(989,6,112,103,15),(990,6,114,97,15),(991,7,8,4,1),(992,7,10,6,1),(993,7,14,3,1),(994,7,2,8,2),(995,7,4,8,2),(996,7,5,10,2),(997,7,6,2,2),(998,7,7,6,2),(999,7,8,4,2),(1000,7,9,6,2),(1001,7,10,12,2),(1002,7,11,10,2),(1003,7,12,15,2),(1004,7,13,13,2),(1005,7,14,9,2),(1006,7,15,10,2),(1007,7,8,4,3),(1008,7,14,15,3),(1009,7,2,6,4),(1010,7,5,11,4),(1011,7,6,11,4),(1012,7,7,12,4),(1013,7,8,12,4),(1014,7,9,11,4),(1015,7,11,12,4),(1016,7,12,5,4),(1017,7,13,9,4),(1018,7,14,9,4),(1019,7,15,9,4),(1020,7,8,5,5),(1021,7,14,7,5),(1022,7,2,6,6),(1023,7,6,15,6),(1024,7,7,11,6),(1025,7,8,11,6),(1026,7,11,8,6),(1027,7,12,2,6),(1028,7,13,7,6),(1029,7,14,6,6),(1030,7,15,11,6),(1031,7,8,6,7),(1032,7,14,6,7),(1033,7,2,7,8),(1034,7,7,7,8),(1035,7,8,12,8),(1036,7,12,12,8),(1037,7,13,8,8),(1038,7,14,7,8),(1039,7,15,7,8),(1040,7,8,12,9),(1041,7,14,12,9),(1042,7,2,2,10),(1043,7,8,14,10),(1044,7,13,2,10),(1045,7,14,8,10),(1046,7,15,13,10),(1047,7,8,13,11),(1048,7,14,13,11),(1049,8,73,76,1),(1050,8,74,81,1),(1051,8,75,90,1),(1052,8,79,89,1),(1053,8,82,80,1),(1054,8,85,81,1),(1055,8,87,80,1),(1056,8,72,77,2),(1057,8,73,88,2),(1058,8,74,83,2),(1059,8,75,83,2),(1060,8,76,85,2),(1061,8,77,73,2),(1062,8,78,86,2),(1063,8,79,77,2),(1064,8,81,73,2),(1065,8,82,77,2),(1066,8,83,92,2),(1067,8,84,78,2),(1068,8,85,85,2),(1069,8,86,79,2),(1070,8,87,79,2),(1071,8,88,78,2),(1072,8,89,76,2),(1073,8,90,76,2),(1074,8,91,81,2),(1075,8,92,84,2),(1076,8,73,78,3),(1077,8,74,86,3),(1078,8,75,84,3),(1079,8,79,84,3),(1080,8,82,76,3),(1081,8,85,72,3),(1082,8,87,76,3),(1083,8,72,78,4),(1084,8,73,81,4),(1085,8,74,84,4),(1086,8,75,78,4),(1087,8,78,89,4),(1088,8,79,90,4),(1089,8,81,83,4),(1090,8,82,81,4),(1091,8,83,72,4),(1092,8,84,78,4),(1093,8,85,75,4),(1094,8,86,85,4),(1095,8,87,92,4),(1096,8,88,78,4),(1097,8,89,78,4),(1098,8,90,90,4),(1099,8,91,74,4),(1100,8,92,83,4),(1101,8,73,84,5),(1102,8,74,84,5),(1103,8,75,86,5),(1104,8,79,89,5),(1105,8,82,81,5),(1106,8,85,81,5),(1107,8,87,89,5),(1108,8,72,79,6),(1109,8,73,86,6),(1110,8,74,82,6),(1111,8,75,89,6),(1112,8,79,82,6),(1113,8,82,89,6),(1114,8,83,79,6),(1115,8,84,87,6),(1116,8,85,90,6),(1117,8,86,79,6),(1118,8,87,92,6),(1119,8,88,92,6),(1120,8,89,90,6),(1121,8,90,82,6),(1122,8,91,85,6),(1123,8,92,82,6),(1124,8,73,83,7),(1125,8,74,86,7),(1126,8,75,84,7),(1127,8,79,89,7),(1128,8,85,83,7),(1129,8,87,83,7),(1130,8,72,84,8),(1131,8,73,73,8),(1132,8,74,79,8),(1133,8,75,84,8),(1134,8,79,79,8),(1135,8,84,92,8),(1136,8,85,72,8),(1137,8,86,85,8),(1138,8,87,84,8),(1139,8,88,84,8),(1140,8,89,72,8),(1141,8,90,87,8),(1142,8,91,79,8),(1143,8,92,92,8),(1144,8,73,86,9),(1145,8,74,86,9),(1146,8,75,86,9),(1147,8,79,86,9),(1148,8,85,86,9),(1149,8,87,86,9),(1150,8,72,87,10),(1151,8,73,79,10),(1152,8,74,85,10),(1153,8,75,85,10),(1154,8,79,92,10),(1155,8,85,91,10),(1156,8,87,79,10),(1157,8,88,89,10),(1158,8,89,88,10),(1159,8,90,85,10),(1160,8,91,85,10),(1161,8,92,85,10),(1162,8,73,88,11),(1163,8,74,88,11),(1164,8,75,92,11),(1165,8,79,88,11),(1166,8,87,88,11),(1167,8,72,87,12),(1168,8,73,74,12),(1169,8,74,87,12),(1170,8,75,87,12),(1171,8,79,89,12),(1172,8,87,87,12),(1173,8,89,73,12),(1174,8,90,87,12),(1175,8,91,87,12),(1176,8,92,73,12),(1177,8,73,89,13),(1178,8,74,89,13),(1179,8,75,89,13),(1180,8,79,89,13),(1181,8,72,92,14),(1182,8,73,90,14),(1183,8,74,79,14),(1184,8,75,90,14),(1185,8,79,90,14),(1186,8,90,73,14),(1187,8,91,90,14),(1188,8,92,90,14),(1189,8,73,91,15),(1190,8,74,91,15),(1191,8,75,91,15),(1192,8,79,91,15),(1193,8,72,79,16),(1194,8,73,92,16),(1195,8,74,92,16),(1196,8,75,79,16),(1197,8,79,73,16),(1198,8,92,92,16),(1199,9,98,102,1),(1200,9,100,105,1),(1201,9,101,112,1),(1202,9,104,102,1),(1203,9,93,106,2),(1204,9,94,101,2),(1205,9,95,94,2),(1206,9,96,95,2),(1207,9,97,96,2),(1208,9,98,96,2),(1209,9,99,109,2),(1210,9,100,98,2),(1211,9,101,96,2),(1212,9,103,93,2),(1213,9,104,108,2),(1214,9,105,111,2),(1215,9,106,104,2),(1216,9,107,110,2),(1217,9,108,114,2),(1218,9,109,104,2),(1219,9,110,94,2),(1220,9,111,106,2),(1221,9,112,100,2),(1222,9,113,99,2),(1223,9,114,108,2),(1224,9,98,103,3),(1225,9,100,103,3),(1226,9,101,97,3),(1227,9,104,112,3),(1228,9,93,97,4),(1229,9,94,101,4),(1230,9,95,106,4),(1231,9,97,105,4),(1232,9,98,109,4),(1233,9,99,95,4),(1234,9,100,100,4),(1235,9,101,93,4),(1236,9,104,110,4),(1237,9,105,113,4),(1238,9,106,99,4),(1239,9,107,97,4),(1240,9,108,113,4),(1241,9,109,97,4),(1242,9,110,104,4),(1243,9,111,100,4),(1244,9,112,100,4),(1245,9,113,114,4),(1246,9,114,105,4),(1247,9,98,105,5),(1248,9,100,95,5),(1249,9,101,112,5),(1250,9,104,93,5),(1251,9,94,110,6),(1252,9,95,108,6),(1253,9,98,98,6),(1254,9,99,113,6),(1255,9,100,104,6),(1256,9,101,108,6),(1257,9,104,101,6),(1258,9,105,98,6),(1259,9,106,106,6),(1260,9,107,105,6),(1261,9,108,104,6),(1262,9,109,107,6),(1263,9,110,109,6),(1264,9,111,94,6),(1265,9,112,98,6),(1266,9,113,95,6),(1267,9,114,94,6),(1268,9,100,105,7),(1269,9,101,114,7),(1270,9,104,99,7),(1271,9,94,100,8),(1272,9,95,112,8),(1273,9,100,104,8),(1274,9,101,100,8),(1275,9,104,111,8),(1276,9,105,94,8),(1277,9,106,95,8),(1278,9,107,114,8),(1279,9,108,111,8),(1280,9,109,111,8),(1281,9,110,114,8),(1282,9,111,100,8),(1283,9,112,107,8),(1284,9,113,106,8),(1285,9,114,114,8),(1286,9,101,105,9),(1287,9,104,94,9),(1288,9,95,112,10),(1289,9,101,101,10),(1290,9,104,101,10),(1291,9,105,106,10),(1292,9,106,101,10),(1293,9,107,104,10),(1294,9,108,113,10),(1295,9,109,105,10),(1296,9,110,114,10),(1297,9,111,109,10),(1298,9,112,101,10),(1299,9,113,109,10),(1300,9,114,105,10),(1301,10,6,9,1),(1302,10,7,2,1),(1303,10,8,2,1),(1304,10,13,9,1),(1305,10,3,7,2),(1306,10,4,7,2),(1307,10,5,10,2),(1308,10,6,4,2),(1309,10,7,8,2),(1310,10,8,4,2),(1311,10,9,15,2),(1312,10,10,5,2),(1313,10,11,3,2),(1314,10,12,13,2),(1315,10,13,11,2),(1316,10,14,5,2),(1317,10,15,13,2),(1318,10,6,14,3),(1319,10,7,15,3),(1320,10,8,5,3),(1321,10,13,9,3),(1322,10,3,14,4),(1323,10,6,14,4),(1324,10,7,9,4),(1325,10,8,14,4),(1326,10,9,10,4),(1327,10,10,7,4),(1328,10,11,13,4),(1329,10,12,12,4),(1330,10,13,14,4),(1331,10,14,6,4),(1332,10,15,12,4),(1333,10,6,11,5),(1334,10,7,15,5),(1335,10,8,15,5),(1336,10,13,12,5),(1337,10,3,12,6),(1338,10,6,8,6),(1339,10,7,12,6),(1340,10,8,9,6),(1341,10,9,6,6),(1342,10,10,6,6),(1343,10,11,8,6),(1344,10,12,3,6),(1345,10,13,3,6),(1346,10,6,9,7),(1347,10,7,9,7),(1348,10,8,9,7),(1349,10,13,9,7),(1350,10,6,8,8),(1351,10,7,12,8),(1352,10,8,6,8),(1353,10,10,6,8),(1354,10,11,6,8),(1355,10,12,10,8),(1356,10,13,6,8),(1357,10,7,10,9),(1358,10,8,12,9),(1359,10,13,10,9),(1360,10,7,7,10),(1361,10,8,13,10),(1362,10,11,7,10),(1363,10,12,7,10),(1364,10,13,7,10),(1365,10,8,11,11),(1366,10,13,11,11),(1367,10,8,8,12),(1368,10,12,12,12),(1369,10,13,8,12),(1370,11,72,77,1),(1371,11,76,77,1),(1372,11,80,74,1),(1373,11,81,84,1),(1374,11,82,84,1),(1375,11,92,89,1),(1376,11,72,73,2),(1377,11,73,76,2),(1378,11,74,85,2),(1379,11,75,81,2),(1380,11,76,78,2),(1381,11,78,89,2),(1382,11,79,78,2),(1383,11,80,92,2),(1384,11,81,80,2),(1385,11,82,88,2),(1386,11,83,88,2),(1387,11,84,84,2),(1388,11,85,79,2),(1389,11,86,84,2),(1390,11,87,85,2),(1391,11,88,84,2),(1392,11,89,73,2),(1393,11,90,89,2),(1394,11,91,73,2),(1395,11,92,75,2),(1396,11,72,78,3),(1397,11,76,83,3),(1398,11,80,83,3),(1399,11,81,89,3),(1400,11,82,74,3),(1401,11,92,90,3),(1402,11,72,78,4),(1403,11,74,74,4),(1404,11,75,88,4),(1405,11,76,72,4),(1406,11,78,74,4),(1407,11,79,86,4),(1408,11,80,78,4),(1409,11,81,89,4),(1410,11,82,76,4),(1411,11,84,76,4),(1412,11,85,82,4),(1413,11,86,85,4),(1414,11,87,84,4),(1415,11,88,74,4),(1416,11,89,91,4),(1417,11,90,80,4),(1418,11,91,79,4),(1419,11,92,72,4),(1420,11,72,90,5),(1421,11,76,84,5),(1422,11,80,84,5),(1423,11,81,91,5),(1424,11,82,78,5),(1425,11,92,84,5),(1426,11,72,72,6),(1427,11,75,89,6),(1428,11,76,81,6),(1429,11,78,85,6),(1430,11,79,79,6),(1431,11,80,75,6),(1432,11,81,87,6),(1433,11,82,76,6),(1434,11,85,76,6),(1435,11,86,78,6),(1436,11,87,80,6),(1437,11,88,87,6),(1438,11,89,75,6),(1439,11,90,81,6),(1440,11,91,89,6),(1441,11,92,85,6),(1442,11,72,88,7),(1443,11,76,78,7),(1444,11,80,78,7),(1445,11,81,85,7),(1446,11,82,85,7),(1447,11,92,86,7),(1448,11,72,79,8),(1449,11,76,85,8),(1450,11,79,76,8),(1451,11,80,91,8),(1452,11,81,79,8),(1453,11,82,89,8),(1454,11,85,76,8),(1455,11,86,82,8),(1456,11,87,72,8),(1457,11,88,87,8),(1458,11,89,89,8),(1459,11,90,79,8),(1460,11,91,80,8),(1461,11,92,82,8),(1462,11,72,85,9),(1463,11,76,85,9),(1464,11,80,85,9),(1465,11,81,85,9),(1466,11,82,88,9),(1467,11,92,85,9),(1468,11,72,92,10),(1469,11,76,92,10),(1470,11,80,86,10),(1471,11,81,86,10),(1472,11,82,76,10),(1473,11,86,76,10),(1474,11,87,92,10),(1475,11,88,86,10),(1476,11,89,90,10),(1477,11,90,76,10),(1478,11,91,76,10),(1479,11,92,80,10),(1480,11,72,86,11),(1481,11,80,86,11),(1482,11,81,90,11),(1483,11,82,86,11),(1484,11,92,86,11),(1485,11,72,89,12),(1486,11,80,80,12),(1487,11,81,89,12),(1488,11,82,89,12),(1489,11,87,80,12),(1490,11,88,80,12),(1491,11,89,87,12),(1492,11,90,80,12),(1493,11,91,87,12),(1494,11,92,81,12),(1495,11,72,91,13),(1496,11,81,87,13),(1497,11,82,87,13),(1498,11,92,87,13),(1499,11,72,81,14),(1500,11,81,81,14),(1501,11,82,81,14),(1502,11,88,72,14),(1503,11,89,92,14),(1504,11,90,88,14),(1505,11,91,81,14),(1506,11,92,81,14),(1507,11,72,88,15),(1508,11,82,89,15),(1509,11,92,88,15),(1510,11,72,89,16),(1511,11,82,82,16),(1512,11,89,82,16),(1513,11,90,82,16),(1514,11,91,82,16),(1515,11,92,82,16),(1516,11,72,89,17),(1517,11,92,89,17),(1518,11,72,90,18),(1519,11,90,90,18),(1520,11,91,92,18),(1521,11,92,90,18),(1522,11,72,91,19),(1523,11,92,91,19),(1524,12,95,100,1),(1525,12,103,96,1),(1526,12,108,112,1),(1527,12,111,104,1),(1528,12,93,110,2),(1529,12,94,106,2),(1530,12,95,100,2),(1531,12,97,114,2),(1532,12,98,101,2),(1533,12,99,99,2),(1534,12,100,97,2),(1535,12,101,110,2),(1536,12,102,112,2),(1537,12,103,95,2),(1538,12,104,112,2),(1539,12,105,106,2),(1540,12,106,112,2),(1541,12,107,109,2),(1542,12,108,100,2),(1543,12,109,104,2),(1544,12,110,111,2),(1545,12,111,97,2),(1546,12,112,110,2),(1547,12,113,102,2),(1548,12,114,104,2),(1549,12,95,94,3),(1550,12,103,94,3),(1551,12,108,112,3),(1552,12,111,114,3),(1553,12,93,93,4),(1554,12,95,107,4),(1555,12,97,113,4),(1556,12,98,95,4),(1557,12,99,101,4),(1558,12,100,103,4),(1559,12,101,112,4),(1560,12,102,97,4),(1561,12,103,111,4),(1562,12,104,107,4),(1563,12,105,97,4),(1564,12,106,95,4),(1565,12,107,113,4),(1566,12,108,103,4),(1567,12,109,107,4),(1568,12,111,95,4),(1569,12,112,93,4),(1570,12,113,114,4),(1571,12,114,97,4),(1572,12,103,112,5),(1573,12,108,102,5),(1574,12,111,97,5),(1575,12,93,99,6),(1576,12,98,109,6),(1577,12,99,111,6),(1578,12,100,98,6),(1579,12,101,100,6),(1580,12,102,112,6),(1581,12,103,111,6),(1582,12,104,102,6),(1583,12,105,106,6),(1584,12,106,98,6),(1585,12,107,113,6),(1586,12,108,98,6),(1587,12,109,93,6),(1588,12,111,100,6),(1589,12,112,106,6),(1590,12,113,101,6),(1591,12,114,107,6),(1592,12,103,109,7),(1593,12,108,109,7),(1594,12,111,99,7),(1595,12,93,99,8),(1596,12,99,99,8),(1597,12,100,99,8),(1598,12,101,114,8),(1599,12,102,99,8),(1600,12,103,107,8),(1601,12,104,112,8),(1602,12,105,99,8),(1603,12,106,99,8),(1604,12,107,111,8),(1605,12,108,111,8),(1606,12,111,101,8),(1607,12,112,99,8),(1608,12,113,105,8),(1609,12,114,99,8),(1610,12,103,100,9),(1611,12,108,112,9),(1612,12,111,107,9),(1613,12,93,103,10),(1614,12,101,105,10),(1615,12,102,101,10),(1616,12,103,93,10),(1617,12,104,101,10),(1618,12,105,113,10),(1619,12,106,101,10),(1620,12,107,111,10),(1621,12,108,101,10),(1622,12,111,108,10),(1623,12,112,101,10),(1624,12,113,113,10),(1625,12,114,101,10),(1626,12,103,106,11),(1627,12,108,104,11),(1628,12,111,112,11),(1629,12,93,102,12),(1630,12,102,111,12),(1631,12,103,111,12),(1632,12,105,102,12),(1633,12,106,105,12),(1634,12,107,105,12),(1635,12,108,111,12),(1636,12,111,102,12),(1637,12,112,114,12),(1638,12,113,102,12),(1639,12,114,107,12),(1640,12,103,112,13),(1641,12,108,112,13),(1642,12,111,105,13),(1643,12,93,114,14),(1644,12,103,111,14),(1645,12,105,103,14),(1646,12,106,107,14),(1647,12,107,103,14),(1648,12,108,113,14),(1649,12,111,111,14),(1650,12,113,103,14),(1651,12,114,103,14),(1652,12,108,106,15),(1653,12,111,105,15),(1654,12,93,107,16),(1655,12,106,106,16),(1656,12,107,106,16),(1657,12,108,106,16),(1658,12,111,106,16),(1659,12,113,106,16),(1660,12,114,111,16),(1661,12,108,113,17),(1662,12,111,107,17),(1663,12,93,108,18),(1664,12,108,108,18),(1665,12,111,111,18),(1666,12,113,108,18),(1667,12,114,111,18),(1668,13,6,12,1),(1669,13,7,8,1),(1670,13,2,10,2),(1671,13,3,7,2),(1672,13,4,9,2),(1673,13,5,9,2),(1674,13,6,10,2),(1675,13,7,12,2),(1676,13,9,6,2),(1677,13,10,5,2),(1678,13,11,14,2),(1679,13,12,5,2),(1680,13,13,4,2),(1681,13,14,4,2),(1682,13,15,5,2),(1683,13,6,4,3),(1684,13,7,9,3),(1685,13,2,15,4),(1686,13,3,7,4),(1687,13,6,6,4),(1688,13,7,11,4),(1689,13,9,6,4),(1690,13,10,11,4),(1691,13,11,6,4),(1692,13,12,2,4),(1693,13,13,15,4),(1694,13,14,6,4),(1695,13,15,11,4),(1696,13,7,15,5),(1697,13,2,7,6),(1698,13,3,7,6),(1699,13,7,9,6),(1700,13,9,12,6),(1701,13,10,7,6),(1702,13,11,14,6),(1703,13,12,12,6),(1704,13,13,9,6),(1705,13,14,3,6),(1706,14,76,77,1),(1707,14,80,77,1),(1708,14,84,72,1),(1709,14,92,72,1),(1710,14,73,78,2),(1711,14,74,86,2),(1712,14,75,78,2),(1713,14,76,78,2),(1714,14,77,75,2),(1715,14,78,78,2),(1716,14,79,82,2),(1717,14,80,91,2),(1718,14,81,73,2),(1719,14,82,88,2),(1720,14,83,73,2),(1721,14,84,85,2),(1722,14,85,86,2),(1723,14,86,88,2),(1724,14,87,80,2),(1725,14,88,87,2),(1726,14,89,75,2),(1727,14,90,91,2),(1728,14,91,78,2),(1729,14,92,73,2),(1730,14,76,79,3),(1731,14,80,85,3),(1732,14,84,75,3),(1733,14,92,90,3),(1734,14,73,76,4),(1735,14,74,81,4),(1736,14,76,91,4),(1737,14,77,81,4),(1738,14,79,92,4),(1739,14,80,81,4),(1740,14,81,88,4),(1741,14,82,86,4),(1742,14,83,76,4),(1743,14,84,76,4),(1744,14,85,85,4),(1745,14,86,92,4),(1746,14,87,88,4),(1747,14,88,83,4),(1748,14,89,80,4),(1749,14,90,77,4),(1750,14,91,88,4),(1751,14,92,76,4),(1752,14,80,86,5),(1753,14,84,85,5),(1754,14,92,77,5),(1755,14,73,92,6),(1756,14,74,89,6),(1757,14,79,85,6),(1758,14,80,73,6),(1759,14,81,81,6),(1760,14,82,74,6),(1761,14,83,85,6),(1762,14,84,88,6),(1763,14,85,81,6),(1764,14,86,73,6),(1765,14,87,83,6),(1766,14,88,84,6),(1767,14,89,90,6),(1768,14,90,79,6),(1769,14,91,79,6),(1770,14,92,84,6),(1771,14,80,79,7),(1772,14,84,83,7),(1773,14,92,85,7),(1774,14,74,85,8),(1775,14,80,80,8),(1776,14,81,86,8),(1777,14,82,91,8),(1778,14,83,88,8),(1779,14,84,91,8),(1780,14,85,80,8),(1781,14,86,80,8),(1782,14,87,87,8),(1783,14,88,80,8),(1784,14,89,91,8),(1785,14,90,91,8),(1786,14,91,89,8),(1787,14,92,90,8),(1788,14,84,81,9),(1789,14,92,91,9),(1790,14,74,74,10),(1791,14,82,88,10),(1792,14,83,87,10),(1793,14,84,91,10),(1794,14,85,82,10),(1795,14,86,91,10),(1796,14,87,82,10),(1797,14,88,82,10),(1798,14,89,82,10),(1799,14,90,84,10),(1800,14,91,74,10),(1801,14,92,82,10),(1802,14,84,87,11),(1803,14,92,74,11),(1804,14,83,83,12),(1805,14,84,83,12),(1806,14,85,89,12),(1807,14,86,83,12),(1808,14,87,88,12),(1809,14,88,92,12),(1810,14,89,88,12),(1811,14,90,83,12),(1812,14,91,86,12),(1813,14,92,83,12),(1814,14,84,85,13),(1815,14,92,85,13),(1816,14,84,84,14),(1817,14,86,84,14),(1818,14,87,84,14),(1819,14,88,86,14),(1820,14,89,84,14),(1821,14,90,89,14),(1822,14,91,84,14),(1823,14,92,84,14),(1824,15,97,106,1),(1825,15,98,107,1),(1826,15,100,93,1),(1827,15,105,93,1),(1828,15,109,106,1),(1829,15,111,94,1),(1830,15,112,106,1),(1831,15,114,96,1),(1832,15,93,103,2),(1833,15,94,102,2),(1834,15,95,114,2),(1835,15,96,107,2),(1836,15,97,109,2),(1837,15,98,99,2),(1838,15,99,112,2),(1839,15,100,111,2),(1840,15,101,100,2),(1841,15,102,112,2),(1842,15,103,104,2),(1843,15,104,97,2),(1844,15,105,112,2),(1845,15,107,103,2),(1846,15,108,114,2),(1847,15,109,93,2),(1848,15,110,114,2),(1849,15,111,111,2),(1850,15,112,99,2),(1851,15,113,97,2),(1852,15,114,102,2),(1853,15,97,108,3),(1854,15,98,99,3),(1855,15,100,93,3),(1856,15,105,99,3),(1857,15,109,107,3),(1858,15,111,94,3),(1859,15,114,113,3),(1860,15,93,94,4),(1861,15,94,103,4),(1862,15,95,103,4),(1863,15,96,95,4),(1864,15,97,95,4),(1865,15,98,101,4),(1866,15,100,94,4),(1867,15,101,114,4),(1868,15,102,114,4),(1869,15,103,105,4),(1870,15,104,93,4),(1871,15,105,107,4),(1872,15,107,109,4),(1873,15,108,101,4),(1874,15,109,105,4),(1875,15,110,96,4),(1876,15,111,107,4),(1877,15,113,97,4),(1878,15,114,107,4),(1879,15,97,113,5),(1880,15,98,108,5),(1881,15,100,93,5),(1882,15,105,101,5),(1883,15,109,108,5),(1884,15,111,96,5),(1885,15,114,110,5),(1886,15,93,109,6),(1887,15,94,113,6),(1888,15,95,111,6),(1889,15,96,109,6),(1890,15,97,98,6),(1891,15,98,102,6),(1892,15,100,109,6),(1893,15,101,94,6),(1894,15,102,95,6),(1895,15,103,113,6),(1896,15,104,98,6),(1897,15,105,113,6),(1898,15,109,105,6),(1899,15,110,97,6),(1900,15,111,113,6),(1901,15,113,97,6),(1902,15,114,100,6),(1903,15,97,94,7),(1904,15,98,102,7),(1905,15,100,101,7),(1906,15,105,110,7),(1907,15,109,101,7),(1908,15,111,93,7),(1909,15,114,110,7),(1910,15,93,94,8),(1911,15,94,100,8),(1912,15,95,102,8),(1913,15,96,105,8),(1914,15,97,98,8),(1915,15,98,114,8),(1916,15,100,102,8),(1917,15,102,100,8),(1918,15,103,114,8),(1919,15,104,109,8),(1920,15,105,114,8),(1921,15,109,103,8),(1922,15,110,100,8),(1923,15,111,110,8),(1924,15,114,94,8),(1925,15,97,95,9),(1926,15,98,110,9),(1927,15,105,102,9),(1928,15,109,102,9),(1929,15,111,110,9),(1930,15,114,102,9),(1931,15,93,103,10),(1932,15,94,103,10),(1933,15,95,103,10),(1934,15,96,114,10),(1935,15,97,109,10),(1936,15,98,111,10),(1937,15,103,103,10),(1938,15,104,103,10),(1939,15,105,114,10),(1940,15,109,109,10),(1941,15,110,103,10),(1942,15,111,105,10),(1943,15,114,93,10),(1944,15,97,93,11),(1945,15,98,104,11),(1946,15,105,110,11),(1947,15,109,96,11),(1948,15,111,104,11),(1949,15,114,110,11),(1950,15,93,94,12),(1951,15,94,114,12),(1952,15,95,114,12),(1953,15,96,114,12),(1954,15,97,111,12),(1955,15,98,114,12),(1956,15,105,105,12),(1957,15,109,111,12),(1958,15,110,105,12),(1959,15,111,105,12),(1960,15,114,111,12),(1961,15,97,93,13),(1962,15,98,110,13),(1963,15,105,110,13),(1964,15,109,96,13),(1965,15,111,110,13),(1966,15,93,95,14),(1967,15,94,93,14),(1968,15,95,105,14),(1969,15,96,105,14),(1970,15,97,105,14),(1971,15,98,109,14),(1972,15,105,105,14),(1973,15,109,105,14),(1974,15,111,97,14),(1975,15,97,93,15),(1976,15,98,93,15),(1977,15,109,93,15),(1978,15,111,93,15),(1979,15,94,109,16),(1980,15,95,109,16),(1981,15,96,94,16),(1982,15,97,109,16),(1983,15,98,98,16),(1984,15,109,98,16),(1985,15,111,109,16),(1986,15,97,94,17),(1987,15,98,94,17),(1988,15,111,94,17),(1989,15,95,111,18),(1990,15,96,111,18),(1991,15,97,96,18),(1992,15,98,95,18),(1993,15,111,111,18),(1994,15,97,95,19),(1995,15,98,95,19),(1996,16,4,6,1),(1997,16,5,2,1),(1998,16,10,15,1),(1999,16,13,11,1),(2000,16,3,5,2),(2001,16,4,8,2),(2002,16,5,6,2),(2003,16,6,13,2),(2004,16,7,11,2),(2005,16,8,14,2),(2006,16,9,4,2),(2007,16,10,3,2),(2008,16,11,8,2),(2009,16,12,3,2),(2010,16,13,4,2),(2011,16,14,8,2),(2012,16,15,13,2),(2013,16,4,11,3),(2014,16,5,12,3),(2015,16,10,3,3),(2016,16,13,6,3),(2017,16,4,10,4),(2018,16,5,15,4),(2019,16,6,12,4),(2020,16,7,4,4),(2021,16,9,10,4),(2022,16,10,11,4),(2023,16,11,15,4),(2024,16,12,9,4),(2025,16,13,9,4),(2026,16,14,7,4),(2027,16,15,9,4),(2028,16,4,14,5),(2029,16,5,14,5),(2030,16,10,11,5),(2031,16,13,15,5),(2032,16,4,4,6),(2033,16,5,15,6),(2034,16,6,15,6),(2035,16,7,7,6),(2036,16,10,15,6),(2037,16,11,7,6),(2038,16,12,11,6),(2039,16,13,10,6),(2040,16,15,7,6),(2041,16,4,11,7),(2042,16,5,12,7),(2043,16,10,11,7),(2044,16,13,11,7),(2045,16,4,4,8),(2046,16,5,12,8),(2047,16,6,15,8),(2048,16,10,6,8),(2049,16,12,10,8),(2050,16,13,15,8),(2051,16,15,10,8),(2052,16,4,12,9),(2053,16,5,6,9),(2054,16,13,12,9),(2055,16,4,5,10),(2056,16,5,13,10),(2057,16,6,13,10),(2058,16,13,4,10),(2059,16,15,13,10),(2060,16,4,15,11),(2061,16,5,15,11),(2062,17,85,77,1),(2063,17,87,86,1),(2064,17,90,78,1),(2065,17,72,85,2),(2066,17,73,89,2),(2067,17,74,79,2),(2068,17,75,78,2),(2069,17,76,74,2),(2070,17,78,88,2),(2071,17,79,79,2),(2072,17,80,84,2),(2073,17,81,78,2),(2074,17,82,80,2),(2075,17,83,90,2),(2076,17,84,78,2),(2077,17,85,76,2),(2078,17,86,73,2),(2079,17,87,78,2),(2080,17,88,91,2),(2081,17,89,72,2),(2082,17,90,91,2),(2083,17,91,76,2),(2084,17,92,76,2),(2085,17,85,84,3),(2086,17,87,76,3),(2087,17,90,86,3),(2088,17,72,82,4),(2089,17,73,79,4),(2090,17,74,74,4),(2091,17,75,86,4),(2092,17,79,75,4),(2093,17,80,75,4),(2094,17,81,72,4),(2095,17,82,75,4),(2096,17,83,79,4),(2097,17,84,82,4),(2098,17,85,85,4),(2099,17,86,87,4),(2100,17,87,81,4),(2101,17,88,79,4),(2102,17,89,87,4),(2103,17,90,92,4),(2104,17,91,81,4),(2105,17,92,75,4),(2106,17,85,88,5),(2107,17,87,79,5),(2108,17,90,79,5),(2109,17,72,85,6),(2110,17,73,80,6),(2111,17,74,89,6),(2112,17,80,82,6),(2113,17,81,74,6),(2114,17,82,87,6),(2115,17,83,89,6),(2116,17,84,80,6),(2117,17,85,80,6),(2118,17,86,86,6),(2119,17,87,85,6),(2120,17,88,90,6),(2121,17,89,89,6),(2122,17,90,80,6),(2123,17,91,90,6),(2124,17,92,89,6),(2125,17,85,74,7),(2126,17,87,73,7),(2127,17,90,73,7),(2128,17,72,81,8),(2129,17,74,81,8),(2130,17,81,74,8),(2131,17,82,84,8),(2132,17,83,82,8),(2133,17,84,81,8),(2134,17,85,84,8),(2135,17,86,72,8),(2136,17,87,81,8),(2137,17,88,74,8),(2138,17,89,83,8),(2139,17,90,84,8),(2140,17,91,91,8),(2141,17,92,82,8),(2142,17,85,82,9),(2143,17,87,92,9),(2144,17,90,82,9),(2145,17,72,83,10),(2146,17,74,91,10),(2147,17,83,83,10),(2148,17,84,88,10),(2149,17,85,74,10),(2150,17,86,83,10),(2151,17,87,88,10),(2152,17,88,74,10),(2153,17,89,83,10),(2154,17,90,74,10),(2155,17,91,83,10),(2156,17,92,83,10),(2157,17,85,86,11),(2158,17,87,84,11),(2159,17,90,91,11),(2160,17,72,88,12),(2161,17,74,85,12),(2162,17,85,87,12),(2163,17,86,92,12),(2164,17,87,85,12),(2165,17,88,85,12),(2166,17,89,85,12),(2167,17,90,91,12),(2168,17,91,91,12),(2169,17,92,86,12),(2170,17,87,86,13),(2171,17,90,74,13),(2172,17,72,86,14),(2173,17,86,86,14),(2174,17,87,86,14),(2175,17,88,86,14),(2176,17,89,91,14),(2177,17,90,90,14),(2178,17,91,86,14),(2179,17,92,86,14),(2180,17,87,88,15),(2181,17,90,88,15),(2182,17,72,92,16),(2183,17,87,87,16),(2184,17,89,87,16),(2185,17,90,87,16),(2186,17,91,87,16),(2187,17,92,87,16),(2188,18,103,109,1),(2189,18,111,96,1),(2190,18,93,108,2),(2191,18,94,97,2),(2192,18,95,98,2),(2193,18,97,103,2),(2194,18,98,99,2),(2195,18,99,112,2),(2196,18,100,107,2),(2197,18,101,107,2),(2198,18,102,111,2),(2199,18,103,100,2),(2200,18,104,100,2),(2201,18,105,111,2),(2202,18,106,111,2),(2203,18,107,111,2),(2204,18,108,111,2),(2205,18,109,108,2),(2206,18,110,104,2),(2207,18,111,101,2),(2208,18,112,107,2),(2209,18,113,95,2),(2210,18,114,98,2),(2211,19,3,12,1),(2212,19,6,2,1),(2213,19,9,7,1),(2214,19,3,3,2),(2215,19,4,11,2),(2216,19,5,8,2),(2217,19,6,12,2),(2218,19,7,8,2),(2219,19,8,7,2),(2220,19,9,13,2),(2221,19,10,12,2),(2222,19,11,10,2),(2223,19,12,7,2),(2224,19,13,3,2),(2225,19,14,9,2),(2226,19,15,8,2),(2227,19,3,7,3),(2228,19,6,10,3),(2229,19,9,10,3),(2230,19,3,9,4),(2231,19,4,11,4),(2232,19,5,3,4),(2233,19,6,6,4),(2234,19,7,11,4),(2235,19,9,12,4),(2236,19,11,13,4),(2237,19,12,11,4),(2238,19,13,3,4),(2239,19,14,11,4),(2240,19,15,14,4),(2241,19,3,15,5),(2242,19,6,12,5),(2243,19,9,12,5),(2244,19,3,13,6),(2245,19,4,5,6),(2246,19,5,13,6),(2247,19,6,9,6),(2248,19,7,9,6),(2249,19,9,7,6),(2250,19,13,6,6),(2251,19,14,6,6),(2252,19,15,9,6),(2253,19,3,13,7),(2254,19,6,7,7),(2255,19,3,3,8),(2256,19,4,13,8),(2257,19,5,13,8),(2258,19,6,13,8),(2259,19,13,13,8),(2260,19,14,3,8),(2261,19,15,13,8),(2262,19,3,14,9),(2263,19,6,14,9),(2264,19,3,15,10),(2265,19,4,15,10),(2266,19,5,15,10),(2267,19,6,15,10),(2268,19,15,15,10),(2269,19,3,4,11),(2270,19,6,4,11),(2271,19,3,3,12),(2272,19,5,3,12),(2273,19,6,5,12),(2274,20,73,75,1),(2275,20,74,81,1),(2276,20,76,79,1),(2277,20,80,86,1),(2278,20,85,89,1),(2279,20,91,84,1),(2280,20,72,92,2),(2281,20,73,92,2),(2282,20,74,83,2),(2283,20,76,81,2),(2284,20,77,84,2),(2285,20,78,85,2),(2286,20,79,76,2),(2287,20,80,89,2),(2288,20,81,79,2),(2289,20,82,83,2),(2290,20,83,72,2),(2291,20,84,76,2),(2292,20,85,89,2),(2293,20,86,81,2),(2294,20,87,88,2),(2295,20,88,81,2),(2296,20,89,73,2),(2297,20,90,76,2),(2298,20,91,72,2),(2299,20,92,77,2),(2300,20,73,79,3),(2301,20,74,83,3),(2302,20,80,89,3),(2303,20,85,77,3),(2304,20,91,86,3),(2305,20,72,86,4),(2306,20,73,78,4),(2307,20,74,81,4),(2308,20,78,88,4),(2309,20,79,89,4),(2310,20,80,90,4),(2311,20,81,81,4),(2312,20,82,78,4),(2313,20,83,79,4),(2314,20,84,88,4),(2315,20,85,90,4),(2316,20,86,78,4),(2317,20,87,80,4),(2318,20,88,78,4),(2319,20,89,78,4),(2320,20,90,85,4),(2321,20,91,72,4),(2322,20,92,87,4),(2323,20,73,82,5),(2324,20,74,89,5),(2325,20,80,92,5),(2326,20,85,86,5),(2327,20,91,92,5),(2328,20,72,79,6),(2329,20,73,79,6),(2330,20,74,90,6),(2331,20,79,72,6),(2332,20,80,87,6),(2333,20,81,73,6),(2334,20,82,79,6),(2335,20,83,79,6),(2336,20,84,72,6),(2337,20,85,74,6),(2338,20,86,87,6),(2339,20,87,86,6),(2340,20,88,91,6),(2341,20,89,74,6),(2342,20,90,91,6),(2343,20,91,86,6),(2344,20,73,88,7),(2345,20,74,81,7),(2346,20,80,86,7),(2347,20,85,84,7),(2348,20,91,81,7),(2349,20,72,82,8),(2350,20,73,88,8),(2351,20,74,84,8),(2352,20,80,90,8),(2353,20,82,89,8),(2354,20,83,86,8),(2355,20,84,84,8),(2356,20,85,73,8),(2357,20,86,74,8),(2358,20,87,84,8),(2359,20,88,83,8),(2360,20,89,80,8),(2361,20,90,87,8),(2362,20,91,85,8),(2363,20,73,72,9),(2364,20,74,82,9),(2365,20,80,72,9),(2366,20,85,89,9),(2367,20,91,88,9),(2368,20,73,83,10),(2369,20,74,80,10),(2370,20,80,80,10),(2371,20,82,74,10),(2372,20,83,86,10),(2373,20,85,88,10),(2374,20,86,73,10),(2375,20,87,87,10),(2376,20,88,91,10),(2377,20,89,82,10),(2378,20,90,88,10),(2379,20,91,85,10),(2380,20,73,82,11),(2381,20,74,82,11),(2382,20,85,88,11),(2383,20,91,86,11),(2384,20,73,83,12),(2385,20,74,88,12),(2386,20,83,83,12),(2387,20,85,83,12),(2388,20,86,83,12),(2389,20,87,83,12),(2390,20,88,87,12),(2391,20,89,87,12),(2392,20,90,85,12),(2393,20,91,83,12),(2394,20,73,86,13),(2395,20,74,86,13),(2396,20,85,86,13),(2397,20,91,86,13),(2398,20,73,85,14),(2399,20,74,85,14),(2400,20,85,85,14),(2401,20,87,91,14),(2402,20,88,85,14),(2403,20,89,87,14),(2404,20,90,73,14),(2405,20,91,74,14),(2406,20,73,87,15),(2407,20,74,87,15),(2408,20,91,87,15),(2409,20,73,88,16),(2410,20,74,91,16),(2411,20,88,74,16),(2412,20,89,88,16),(2413,20,90,88,16),(2414,20,91,88,16),(2415,20,73,89,17),(2416,20,74,90,17),(2417,20,91,89,17),(2418,20,73,90,18),(2419,20,74,91,18),(2420,20,90,90,18),(2421,20,91,90,18),(2422,21,93,98,1),(2423,21,106,96,1),(2424,21,93,110,2),(2425,21,94,94,2),(2426,21,95,111,2),(2427,21,97,95,2),(2428,21,98,95,2),(2429,21,99,100,2),(2430,21,100,99,2),(2431,21,101,94,2),(2432,21,102,107,2),(2433,21,103,113,2),(2434,21,104,114,2),(2435,21,105,108,2),(2436,21,106,108,2),(2437,21,107,101,2),(2438,21,108,100,2),(2439,21,109,107,2),(2440,21,110,111,2),(2441,21,111,114,2),(2442,21,112,107,2),(2443,21,113,113,2),(2444,21,114,109,2),(2445,21,93,99,3),(2446,21,106,94,3),(2447,21,93,108,4),(2448,21,95,103,4),(2449,21,97,97,4),(2450,21,98,97,4),(2451,21,99,98,4),(2452,21,100,110,4),(2453,21,101,113,4),(2454,21,102,99,4),(2455,21,103,97,4),(2456,21,104,95,4),(2457,21,105,103,4),(2458,21,106,103,4),(2459,21,108,99,4),(2460,21,109,93,4),(2461,21,110,99,4),(2462,21,111,105,4),(2463,21,112,111,4),(2464,21,113,95,4),(2465,21,114,93,4),(2466,21,93,103,5),(2467,21,106,113,5),(2468,21,93,109,6),(2469,21,95,112,6),(2470,21,98,111,6),(2471,21,99,104,6),(2472,21,100,101,6),(2473,21,101,111,6),(2474,21,102,108,6),(2475,21,104,98,6),(2476,21,105,114,6),(2477,21,106,100,6),(2478,21,108,108,6),(2479,21,109,110,6),(2480,21,110,108,6),(2481,21,111,98,6),(2482,21,112,102,6),(2483,21,113,101,6),(2484,21,114,109,6),(2485,21,93,112,7),(2486,21,106,114,7),(2487,21,93,104,8),(2488,21,95,114,8),(2489,21,98,104,8),(2490,21,99,109,8),(2491,21,100,113,8),(2492,21,101,110,8),(2493,21,102,109,8),(2494,21,104,104,8),(2495,21,105,98,8),(2496,21,106,100,8),(2497,21,109,114,8),(2498,21,110,109,8),(2499,21,111,104,8),(2500,21,113,95,8),(2501,21,114,111,8),(2502,21,93,95,9),(2503,21,106,101,9),(2504,21,93,98,10),(2505,21,98,98,10),(2506,21,99,106,10),(2507,21,100,114,10),(2508,21,101,98,10),(2509,21,102,98,10),(2510,21,105,101,10),(2511,21,106,109,10),(2512,21,109,110,10),(2513,21,110,105,10),(2514,21,111,98,10),(2515,21,113,101,10),(2516,21,114,101,10),(2517,21,93,114,11),(2518,21,106,105,11),(2519,21,93,106,12),(2520,21,99,110,12),(2521,21,100,109,12),(2522,21,101,99,12),(2523,21,102,99,12),(2524,21,106,102,12),(2525,21,109,99,12),(2526,21,110,99,12),(2527,21,111,106,12),(2528,21,113,110,12),(2529,21,114,106,12),(2530,21,93,100,13),(2531,21,106,102,13),(2532,21,93,106,14),(2533,21,101,106,14),(2534,21,102,101,14),(2535,21,106,110,14),(2536,21,109,109,14),(2537,21,110,106,14),(2538,21,111,101,14),(2539,21,113,101,14),(2540,21,114,113,14),(2541,21,93,110,15),(2542,21,106,109,15),(2543,21,93,110,16),(2544,21,102,102,16),(2545,21,106,113,16),(2546,21,110,114,16),(2547,21,111,102,16),(2548,21,113,110,16),(2549,21,114,106,16),(2550,21,93,110,17),(2551,21,106,113,17),(2552,21,93,93,18),(2553,21,106,106,18),(2554,21,111,111,18),(2555,21,113,111,18),(2556,21,114,111,18),(2557,21,93,113,19),(2558,21,106,113,19),(2559,22,3,8,1),(2560,22,4,13,1),(2561,22,5,11,1),(2562,22,6,8,1),(2563,22,7,12,1),(2564,22,10,8,1),(2565,22,15,8,1),(2566,22,2,7,2),(2567,22,3,5,2),(2568,22,4,5,2),(2569,22,5,4,2),(2570,22,6,14,2),(2571,22,7,15,2),(2572,22,9,7,2),(2573,22,10,12,2),(2574,22,11,2,2),(2575,22,12,12,2),(2576,22,13,12,2),(2577,22,14,2,2),(2578,22,15,9,2),(2579,22,3,2,3),(2580,22,4,9,3),(2581,22,5,11,3),(2582,22,6,11,3),(2583,22,7,9,3),(2584,22,10,2,3),(2585,22,15,9,3),(2586,22,2,11,4),(2587,22,3,14,4),(2588,22,4,11,4),(2589,22,5,6,4),(2590,22,6,5,4),(2591,22,7,5,4),(2592,22,10,14,4),(2593,22,11,14,4),(2594,22,13,10,4),(2595,22,14,10,4),(2596,22,15,10,4),(2597,22,3,11,5),(2598,22,4,13,5),(2599,22,5,11,5),(2600,22,6,11,5),(2601,22,7,11,5),(2602,22,15,11,5),(2603,22,2,6,6),(2604,22,3,13,6),(2605,22,4,6,6),(2606,22,5,4,6),(2607,22,6,2,6),(2608,22,7,6,6),(2609,22,13,13,6),(2610,22,14,13,6),(2611,22,15,13,6),(2612,22,3,14,7),(2613,22,4,14,7),(2614,22,5,14,7),(2615,22,6,14,7),(2616,22,7,14,7),(2617,22,15,14,7),(2618,22,2,15,8),(2619,22,3,15,8),(2620,22,4,3,8),(2621,22,5,15,8),(2622,22,6,2,8),(2623,22,7,15,8),(2624,22,15,7,8),(2625,22,3,2,9),(2626,22,4,2,9),(2627,22,5,2,9),(2628,22,6,2,9),(2629,22,7,2,9),(2630,23,72,83,1),(2631,23,76,81,1),(2632,23,77,78,1),(2633,23,92,78,1),(2634,23,72,87,2),(2635,23,73,77,2),(2636,23,74,73,2),(2637,23,75,85,2),(2638,23,76,75,2),(2639,23,77,77,2),(2640,23,79,83,2),(2641,23,80,72,2),(2642,23,81,87,2),(2643,23,82,81,2),(2644,23,83,76,2),(2645,23,84,79,2),(2646,23,85,73,2),(2647,23,86,73,2),(2648,23,87,73,2),(2649,23,88,91,2),(2650,23,89,72,2),(2651,23,90,92,2),(2652,23,91,72,2),(2653,23,92,79,2),(2654,23,72,79,3),(2655,23,76,82,3),(2656,23,77,85,3),(2657,23,92,74,3),(2658,23,72,91,4),(2659,23,75,80,4),(2660,23,76,75,4),(2661,23,77,75,4),(2662,23,79,90,4),(2663,23,80,77,4),(2664,23,81,83,4),(2665,23,82,83,4),(2666,23,83,75,4),(2667,23,84,88,4),(2668,23,85,92,4),(2669,23,86,75,4),(2670,23,87,75,4),(2671,23,88,89,4),(2672,23,89,88,4),(2673,23,90,79,4),(2674,23,91,85,4),(2675,23,92,75,4),(2676,23,72,79,5),(2677,23,76,79,5),(2678,23,77,79,5),(2679,23,92,90,5),(2680,23,72,90,6),(2681,23,76,84,6),(2682,23,77,86,6),(2683,23,80,92,6),(2684,23,81,77,6),(2685,23,82,76,6),(2686,23,83,91,6),(2687,23,84,89,6),(2688,23,85,76,6),(2689,23,86,87,6),(2690,23,87,86,6),(2691,23,88,85,6),(2692,23,89,72,6),(2693,23,90,92,6),(2694,23,91,90,6),(2695,23,92,76,6),(2696,23,72,82,7),(2697,23,77,90,7),(2698,23,92,81,7),(2699,23,72,92,8),(2700,23,77,77,8),(2701,23,80,90,8),(2702,23,82,77,8),(2703,23,83,80,8),(2704,23,84,82,8),(2705,23,85,84,8),(2706,23,86,91,8),(2707,23,87,91,8),(2708,23,88,90,8),(2709,23,89,77,8),(2710,23,90,90,8),(2711,23,91,86,8),(2712,23,92,77,8),(2713,23,72,80,9),(2714,23,92,83,9),(2715,23,72,85,10),(2716,23,82,86,10),(2717,23,83,82,10),(2718,23,84,82,10),(2719,23,85,82,10),(2720,23,86,82,10),(2721,23,87,85,10),(2722,23,88,85,10),(2723,23,89,82,10),(2724,23,90,82,10),(2725,23,91,82,10),(2726,23,92,87,10),(2727,23,72,91,11),(2728,23,92,83,11),(2729,23,72,84,12),(2730,23,84,84,12),(2731,23,85,90,12),(2732,23,86,85,12),(2733,23,87,84,12),(2734,23,88,84,12),(2735,23,89,84,12),(2736,23,90,92,12),(2737,23,91,85,12),(2738,23,92,84,12),(2739,23,72,87,13),(2740,23,92,90,13),(2741,23,72,85,14),(2742,23,85,85,14),(2743,23,86,91,14),(2744,23,88,85,14),(2745,23,89,88,14),(2746,23,90,85,14),(2747,23,91,92,14),(2748,23,92,85,14),(2749,23,72,86,15),(2750,23,92,86,15),(2751,23,72,88,16),(2752,23,88,88,16),(2753,23,89,88,16),(2754,23,90,88,16),(2755,23,91,88,16),(2756,23,92,88,16),(2757,23,72,89,17),(2758,23,92,89,17),(2759,23,72,90,18),(2760,23,90,90,18),(2761,23,91,90,18),(2762,23,92,90,18),(2763,23,72,91,19),(2764,23,92,91,19),(2765,24,95,110,1),(2766,24,96,94,1),(2767,24,97,101,1),(2768,24,98,108,1),(2769,24,100,99,1),(2770,24,102,101,1),(2771,24,109,106,1),(2772,24,112,110,1),(2773,24,113,103,1),(2774,24,93,102,2),(2775,24,94,97,2),(2776,24,95,102,2),(2777,24,96,112,2),(2778,24,97,102,2),(2779,24,98,94,2),(2780,24,99,114,2),(2781,24,100,103,2),(2782,24,102,109,2),(2783,24,103,99,2),(2784,24,104,97,2),(2785,24,105,106,2),(2786,24,106,114,2),(2787,24,107,108,2),(2788,24,108,110,2),(2789,24,109,104,2),(2790,24,110,107,2),(2791,24,111,106,2),(2792,24,112,108,2),(2793,24,113,103,2),(2794,24,114,94,2),(2795,24,95,111,3),(2796,24,96,108,3),(2797,24,97,103,3),(2798,24,98,103,3),(2799,24,100,111,3),(2800,24,109,99,3),(2801,24,112,114,3),(2802,24,113,110,3),(2803,24,93,107,4),(2804,24,94,105,4),(2805,24,95,104,4),(2806,24,96,104,4),(2807,24,97,93,4),(2808,24,98,98,4),(2809,24,99,100,4),(2810,24,100,109,4),(2811,24,104,113,4),(2812,24,105,106,4),(2813,24,106,113,4),(2814,24,107,95,4),(2815,24,108,107,4),(2816,24,109,109,4),(2817,24,110,98,4),(2818,24,111,105,4),(2819,24,112,100,4),(2820,24,113,104,4),(2821,24,114,114,4),(2822,24,95,114,5),(2823,24,96,106,5),(2824,24,97,105,5),(2825,24,98,99,5),(2826,24,100,105,5),(2827,24,109,114,5),(2828,24,112,99,5),(2829,24,113,105,5),(2830,24,93,100,6),(2831,24,94,106,6),(2832,24,95,106,6),(2833,24,96,111,6),(2834,24,97,99,6),(2835,24,98,112,6),(2836,24,99,94,6),(2837,24,100,106,6),(2838,24,106,111,6),(2839,24,107,112,6),(2840,24,108,97,6),(2841,24,109,113,6),(2842,24,110,113,6),(2843,24,111,106,6),(2844,24,112,95,6),(2845,24,113,95,6),(2846,24,114,109,6),(2847,24,95,107,7),(2848,24,96,107,7),(2849,24,97,107,7),(2850,24,98,94,7),(2851,24,100,107,7),(2852,24,109,107,7),(2853,24,112,93,7),(2854,24,113,110,7),(2855,24,93,108,8),(2856,24,94,95,8),(2857,24,95,111,8),(2858,24,96,111,8),(2859,24,97,112,8),(2860,24,98,108,8),(2861,24,99,108,8),(2862,24,100,98,8),(2863,24,108,108,8),(2864,24,109,108,8),(2865,24,110,108,8),(2866,24,111,108,8),(2867,24,112,98,8),(2868,24,113,99,8),(2869,24,114,108,8),(2870,24,95,110,9),(2871,24,96,110,9),(2872,24,97,110,9),(2873,24,98,110,9),(2874,24,100,110,9),(2875,24,109,94,9),(2876,24,112,110,9),(2877,24,113,99,9),(2878,24,93,112,10),(2879,24,94,112,10),(2880,24,95,113,10),(2881,24,96,109,10),(2882,24,97,94,10),(2883,24,98,109,10),(2884,24,99,100,10),(2885,24,100,113,10),(2886,24,109,97,10),(2887,24,111,109,10),(2888,24,112,112,10),(2889,24,113,109,10),(2890,24,114,94,10),(2891,24,95,111,11),(2892,24,96,111,11),(2893,24,97,111,11),(2894,24,98,99,11),(2895,24,100,114,11),(2896,24,112,111,11),(2897,24,113,114,11),(2898,24,93,113,12),(2899,24,94,112,12),(2900,24,95,94,12),(2901,24,96,98,12),(2902,24,97,112,12),(2903,24,98,114,12),(2904,24,99,112,12),(2905,24,100,112,12),(2906,24,112,112,12),(2907,24,113,112,12),(2908,24,114,100,12),(2909,24,95,114,13),(2910,24,96,114,13),(2911,24,97,114,13),(2912,24,98,114,13),(2913,24,100,93,13),(2914,24,113,99,13),(2915,24,93,113,14),(2916,24,94,113,14),(2917,24,95,93,14),(2918,24,96,113,14),(2919,24,97,113,14),(2920,24,98,96,14),(2921,24,99,113,14),(2922,24,100,113,14),(2923,24,113,99,14),(2924,24,95,94,15),(2925,24,96,93,15),(2926,24,97,99,15),(2927,24,98,93,15),(2928,24,100,93,15),(2929,24,94,94,16),(2930,24,95,94,16),(2931,24,96,94,16),(2932,24,97,100,16),(2933,24,98,94,16),(2934,24,99,94,16),(2935,24,100,98,16),(2936,1,3,5,1),(2937,1,13,7,1),(2938,1,14,15,1),(2939,1,2,10,2),(2940,1,3,14,2),(2941,1,4,6,2),(2942,1,6,4,2),(2943,1,7,12,2),(2944,1,8,8,2),(2945,1,9,4,2),(2946,1,10,6,2),(2947,1,11,14,2),(2948,1,12,7,2),(2949,1,13,8,2),(2950,1,14,10,2),(2951,1,15,7,2),(2952,1,3,7,3),(2953,1,13,15,3),(2954,1,14,11,3),(2955,1,2,14,4),(2956,1,3,6,4),(2957,1,6,14,4),(2958,1,8,12,4),(2959,1,9,2,4),(2960,1,10,6,4),(2961,1,11,12,4),(2962,1,12,10,4),(2963,1,13,14,4),(2964,1,14,2,4),(2965,1,15,6,4),(2966,1,3,10,5),(2967,1,13,12,5),(2968,1,14,8,5),(2969,1,2,9,6),(2970,1,3,15,6),(2971,1,9,12,6),(2972,1,10,14,6),(2973,1,11,12,6),(2974,1,12,11,6),(2975,1,13,2,6),(2976,1,14,9,6),(2977,1,15,15,6),(2978,1,3,11,7),(2979,1,13,10,7),(2980,1,14,10,7),(2981,1,2,11,8),(2982,1,3,13,8),(2983,1,11,14,8),(2984,1,12,2,8),(2985,1,13,11,8),(2986,1,14,11,8),(2987,1,15,11,8),(2988,1,3,15,9),(2989,1,13,15,9),(2990,1,14,12,9),(2991,1,2,2,10),(2992,1,3,2,10),(2993,1,12,12,10),(2994,1,13,2,10),(2995,1,14,12,10),(2996,25,4,11,1),(2997,25,5,9,1),(2998,25,12,10,1),(2999,25,15,6,1),(3000,25,2,7,2),(3001,25,3,12,2),(3002,25,4,2,2),(3003,25,5,12,2),(3004,25,7,13,2),(3005,25,8,11,2),(3006,25,9,2,2),(3007,25,10,7,2),(3008,25,11,14,2),(3009,25,12,13,2),(3010,25,13,7,2),(3011,25,14,15,2),(3012,25,15,14,2),(3013,25,4,2,3),(3014,25,5,2,3),(3015,25,12,8,3),(3016,25,15,9,3),(3017,25,3,12,4),(3018,25,4,3,4),(3019,25,5,10,4),(3020,25,8,8,4),(3021,25,9,8,4),(3022,25,10,10,4),(3023,25,11,11,4),(3024,25,12,5,4),(3025,25,13,5,4),(3026,25,14,13,4),(3027,25,15,13,4),(3028,25,4,10,5),(3029,25,12,3,5),(3030,25,15,14,5),(3031,25,4,8,6),(3032,25,8,11,6),(3033,25,9,15,6),(3034,25,10,8,6),(3035,25,11,9,6),(3036,25,12,4,6),(3037,25,13,15,6),(3038,25,14,11,6),(3039,25,15,4,6),(3040,25,12,10,7),(3041,25,15,8,7),(3042,25,9,9,8),(3043,25,10,13,8),(3044,25,11,9,8),(3045,25,12,9,8),(3046,25,13,9,8),(3047,25,14,9,8),(3048,25,15,9,8),(3049,25,12,10,9),(3050,25,15,10,9),(3051,25,11,11,10),(3052,25,12,11,10),(3053,25,13,11,10),(3054,25,14,11,10),(3055,25,15,11,10),(3056,25,12,13,11),(3057,25,15,13,11),(3058,26,72,86,1),(3059,26,80,78,1),(3060,26,83,85,1),(3061,26,84,76,1),(3062,26,87,75,1),(3063,26,88,85,1),(3064,26,91,73,1),(3065,26,72,81,2),(3066,26,73,91,2),(3067,26,74,77,2),(3068,26,75,88,2),(3069,26,76,79,2),(3070,26,77,78,2),(3071,26,78,91,2),(3072,26,79,86,2),(3073,26,80,86,2),(3074,26,81,80,2),(3075,26,82,74,2),(3076,26,83,83,2),(3077,26,84,86,2),(3078,26,86,91,2),(3079,26,87,89,2),(3080,26,88,72,2),(3081,26,89,83,2),(3082,26,90,91,2),(3083,26,91,81,2),(3084,26,92,86,2),(3085,26,72,82,3),(3086,26,80,82,3),(3087,26,83,81,3),(3088,26,84,79,3),(3089,26,87,81,3),(3090,26,88,77,3),(3091,26,91,73,3),(3092,26,72,77,4),(3093,26,73,92,4),(3094,26,74,73,4),(3095,26,75,80,4),(3096,26,76,79,4),(3097,26,77,82,4),(3098,26,78,75,4),(3099,26,79,82,4),(3100,26,80,77,4),(3101,26,82,87,4),(3102,26,83,83,4),(3103,26,84,75,4),(3104,26,87,91,4),(3105,26,88,87,4),(3106,26,89,82,4),(3107,26,90,80,4),(3108,26,91,74,4),(3109,26,92,88,4),(3110,26,72,89,5),(3111,26,80,89,5),(3112,26,83,89,5),(3113,26,84,89,5),(3114,26,87,73,5),(3115,26,88,76,5),(3116,26,91,73,5),(3117,26,72,74,6),(3118,26,73,78,6),(3119,26,74,74,6),(3120,26,75,72,6),(3121,26,76,83,6),(3122,26,77,87,6),(3123,26,78,83,6),(3124,26,79,90,6),(3125,26,80,73,6),(3126,26,83,76,6),(3127,26,84,87,6),(3128,26,87,83,6),(3129,26,88,79,6),(3130,26,90,75,6),(3131,26,91,87,6),(3132,26,92,91,6),(3133,26,72,90,7),(3134,26,80,73,7),(3135,26,84,90,7),(3136,26,87,90,7),(3137,26,88,90,7),(3138,26,91,90,7),(3139,26,72,76,8),(3140,26,73,78,8),(3141,26,74,74,8),(3142,26,75,84,8),(3143,26,76,75,8),(3144,26,77,91,8),(3145,26,78,74,8),(3146,26,79,84,8),(3147,26,80,77,8),(3148,26,84,91,8),(3149,26,87,87,8),(3150,26,88,77,8),(3151,26,91,87,8),(3152,26,92,77,8),(3153,26,72,73,9),(3154,26,80,73,9),(3155,26,84,78,9),(3156,26,87,92,9),(3157,26,88,78,9),(3158,26,91,76,9),(3159,26,72,84,10),(3160,26,74,78,10),(3161,26,75,79,10),(3162,26,76,72,10),(3163,26,78,84,10),(3164,26,79,76,10),(3165,26,80,91,10),(3166,26,84,84,10),(3167,26,87,87,10),(3168,26,88,91,10),(3169,26,91,78,10),(3170,26,92,84,10),(3171,26,72,74,11),(3172,26,80,92,11),(3173,26,87,92,11),(3174,26,88,92,11),(3175,26,91,74,11),(3176,26,72,91,12),(3177,26,74,87,12),(3178,26,75,79,12),(3179,26,76,75,12),(3180,26,78,87,12),(3181,26,79,76,12),(3182,26,80,72,12),(3183,26,87,74,12),(3184,26,88,72,12),(3185,26,91,79,12),(3186,26,80,74,13),(3187,26,87,74,13),(3188,26,88,74,13),(3189,26,91,74,13),(3190,26,75,91,14),(3191,26,76,91,14),(3192,26,78,87,14),(3193,26,79,87,14),(3194,26,80,75,14),(3195,26,87,79,14),(3196,26,88,87,14),(3197,26,91,80,14),(3198,26,80,75,15),(3199,26,88,75,15),(3200,26,91,75,15),(3201,26,76,88,16),(3202,26,78,91,16),(3203,26,79,88,16),(3204,26,80,80,16),(3205,26,88,88,16),(3206,26,91,76,16),(3207,26,80,76,17),(3208,26,91,76,17),(3209,26,78,91,18),(3210,26,79,91,18),(3211,26,80,79,18),(3212,26,91,78,18),(3213,27,100,99,1),(3214,27,103,96,1),(3215,27,106,104,1),(3216,27,108,97,1),(3217,27,112,105,1),(3218,27,93,100,2),(3219,27,94,112,2),(3220,27,95,103,2),(3221,27,97,97,2),(3222,27,98,108,2),(3223,27,99,109,2),(3224,27,100,106,2),(3225,27,101,110,2),(3226,27,102,97,2),(3227,27,103,110,2),(3228,27,104,97,2),(3229,27,105,114,2),(3230,27,106,94,2),(3231,27,107,94,2),(3232,27,108,110,2),(3233,27,109,101,2),(3234,27,110,103,2),(3235,27,111,95,2),(3236,27,112,95,2),(3237,27,113,97,2),(3238,27,114,94,2),(3239,27,100,109,3),(3240,27,103,104,3),(3241,27,106,105,3),(3242,27,108,98,3),(3243,27,112,104,3),(3244,27,93,109,4),(3245,27,94,109,4),(3246,27,95,101,4),(3247,27,98,112,4),(3248,27,99,109,4),(3249,27,100,94,4),(3250,27,101,106,4),(3251,27,102,108,4),(3252,27,103,93,4),(3253,27,105,102,4),(3254,27,106,101,4),(3255,27,107,99,4),(3256,27,108,114,4),(3257,27,109,110,4),(3258,27,110,108,4),(3259,27,111,102,4),(3260,27,112,109,4),(3261,27,113,99,4),(3262,27,114,100,4),(3263,27,100,102,5),(3264,27,103,113,5),(3265,27,106,95,5),(3266,27,108,107,5),(3267,27,112,101,5),(3268,27,93,98,6),(3269,27,94,98,6),(3270,27,98,94,6),(3271,27,99,102,6),(3272,27,100,114,6),(3273,27,101,105,6),(3274,27,102,103,6),(3275,27,103,114,6),(3276,27,105,98,6),(3277,27,106,101,6),(3278,27,107,101,6),(3279,27,108,99,6),(3280,27,110,105,6),(3281,27,111,98,6),(3282,27,112,105,6),(3283,27,113,114,6),(3284,27,114,105,6),(3285,27,100,113,7),(3286,27,103,107,7),(3287,27,106,102,7),(3288,27,108,110,7),(3289,27,112,94,7),(3290,27,93,110,8),(3291,27,99,108,8),(3292,27,100,103,8),(3293,27,101,99,8),(3294,27,102,99,8),(3295,27,103,100,8),(3296,27,105,110,8),(3297,27,106,99,8),(3298,27,107,105,8),(3299,27,108,110,8),(3300,27,110,110,8),(3301,27,111,100,8),(3302,27,112,114,8),(3303,27,113,110,8),(3304,27,114,107,8),(3305,27,100,113,9),(3306,27,103,113,9),(3307,27,106,102,9),(3308,27,108,99,9),(3309,27,112,113,9),(3310,27,93,111,10),(3311,27,99,108,10),(3312,27,100,101,10),(3313,27,101,93,10),(3314,27,102,99,10),(3315,27,103,99,10),(3316,27,105,105,10),(3317,27,106,101,10),(3318,27,107,99,10),(3319,27,108,99,10),(3320,27,111,107,10),(3321,27,112,111,10),(3322,27,114,103,10),(3323,27,100,101,11),(3324,27,103,114,11),(3325,27,106,101,11),(3326,27,108,101,11),(3327,27,112,111,11),(3328,27,93,100,12),(3329,27,100,102,12),(3330,27,102,100,12),(3331,27,103,112,12),(3332,27,105,106,12),(3333,27,106,102,12),(3334,27,107,102,12),(3335,27,108,111,12),(3336,27,111,105,12),(3337,27,112,114,12),(3338,27,114,105,12),(3339,27,100,105,13),(3340,27,103,114,13),(3341,27,106,105,13),(3342,27,108,105,13),(3343,27,112,105,13),(3344,27,93,100,14),(3345,27,100,93,14),(3346,27,103,111,14),(3347,27,106,111,14),(3348,27,107,100,14),(3349,27,108,108,14),(3350,27,111,103,14),(3351,27,112,111,14),(3352,27,114,111,14),(3353,27,100,107,15),(3354,27,103,107,15),(3355,27,106,107,15),(3356,27,108,107,15),(3357,27,112,114,15),(3358,27,93,100,16),(3359,27,100,112,16),(3360,27,103,100,16),(3361,27,106,106,16),(3362,27,108,114,16),(3363,27,112,100,16),(3364,27,114,114,16),(3365,27,103,114,17),(3366,27,106,114,17),(3367,27,108,114,17),(3368,27,112,114,17),(3369,28,3,15,1),(3370,28,5,10,1),(3371,28,14,6,1),(3372,28,2,14,2),(3373,28,3,3,2),(3374,28,4,8,2),(3375,28,5,12,2),(3376,28,7,5,2),(3377,28,8,7,2),(3378,28,9,7,2),(3379,28,10,9,2),(3380,28,11,5,2),(3381,28,12,10,2),(3382,28,13,4,2),(3383,28,14,3,2),(3384,28,15,14,2),(3385,28,5,4,3),(3386,28,14,11,3),(3387,28,2,14,4),(3388,28,5,5,4),(3389,28,7,15,4),(3390,28,8,13,4),(3391,28,9,8,4),(3392,28,10,8,4),(3393,28,11,12,4),(3394,28,12,13,4),(3395,28,13,7,4),(3396,28,14,5,4),(3397,28,15,7,4),(3398,28,14,7,5),(3399,28,2,8,6),(3400,28,8,10,6),(3401,28,9,8,6),(3402,28,10,8,6),(3403,28,11,11,6),(3404,28,12,9,6),(3405,28,13,8,6),(3406,28,14,15,6),(3407,28,15,8,6),(3408,28,14,2,7),(3409,28,9,9,8),(3410,28,10,9,8),(3411,28,11,12,8),(3412,28,12,14,8),(3413,28,13,13,8),(3414,28,14,9,8),(3415,28,15,9,8),(3416,28,14,10,9),(3417,28,11,11,10),(3418,28,12,11,10),(3419,28,13,11,10),(3420,28,14,15,10),(3421,28,15,14,10),(3422,28,14,12,11),(3423,28,13,13,12),(3424,28,14,13,12),(3425,28,15,13,12),(3426,29,74,72,1),(3427,29,81,91,1),(3428,29,82,88,1),(3429,29,83,88,1),(3430,29,84,78,1),(3431,29,86,85,1),(3432,29,89,85,1),(3433,29,90,88,1),(3434,29,92,85,1),(3435,29,72,76,2),(3436,29,73,76,2),(3437,29,74,79,2),(3438,29,75,84,2),(3439,29,76,79,2),(3440,29,77,83,2),(3441,29,78,80,2),(3442,29,79,84,2),(3443,29,80,73,2),(3444,29,81,83,2),(3445,29,82,76,2),(3446,29,83,92,2),(3447,29,84,91,2),(3448,29,86,92,2),(3449,29,87,89,2),(3450,29,88,80,2),(3451,29,89,88,2),(3452,29,90,92,2),(3453,29,91,77,2),(3454,29,92,75,2),(3455,29,74,87,3),(3456,29,81,72,3),(3457,29,82,79,3),(3458,29,83,87,3),(3459,29,84,75,3),(3460,29,86,75,3),(3461,29,89,78,3),(3462,29,90,80,3),(3463,29,92,87,3),(3464,29,72,78,4),(3465,29,73,78,4),(3466,29,74,88,4),(3467,29,75,78,4),(3468,29,77,79,4),(3469,29,78,80,4),(3470,29,79,89,4),(3471,29,80,80,4),(3472,29,81,88,4),(3473,29,82,86,4),(3474,29,83,80,4),(3475,29,84,91,4),(3476,29,86,86,4),(3477,29,88,82,4),(3478,29,89,77,4),(3479,29,90,84,4),(3480,29,91,88,4),(3481,29,92,81,4),(3482,29,74,91,5),(3483,29,81,77,5),(3484,29,82,88,5),(3485,29,83,91,5),(3486,29,84,77,5),(3487,29,86,79,5),(3488,29,89,72,5),(3489,29,90,79,5),(3490,29,92,72,5),(3491,29,73,88,6),(3492,29,74,84,6),(3493,29,75,84,6),(3494,29,77,77,6),(3495,29,79,82,6),(3496,29,80,88,6),(3497,29,81,90,6),(3498,29,82,73,6),(3499,29,83,83,6),(3500,29,84,80,6),(3501,29,86,73,6),(3502,29,88,81,6),(3503,29,89,86,6),(3504,29,90,82,6),(3505,29,91,80,6),(3506,29,92,91,6),(3507,29,74,75,7),(3508,29,81,88,7),(3509,29,82,88,7),(3510,29,83,88,7),(3511,29,84,75,7),(3512,29,86,75,7),(3513,29,89,77,7),(3514,29,90,75,7),(3515,29,92,75,7),(3516,29,74,80,8),(3517,29,77,83,8),(3518,29,79,83,8),(3519,29,80,88,8),(3520,29,81,74,8),(3521,29,82,80,8),(3522,29,83,74,8),(3523,29,84,79,8),(3524,29,86,84,8),(3525,29,88,82,8),(3526,29,89,84,8),(3527,29,90,79,8),(3528,29,91,91,8),(3529,29,92,88,8),(3530,29,81,88,9),(3531,29,82,88,9),(3532,29,83,88,9),(3533,29,84,77,9),(3534,29,86,77,9),(3535,29,89,77,9),(3536,29,90,88,9),(3537,29,92,91,9),(3538,29,77,79,10),(3539,29,79,86,10),(3540,29,80,89,10),(3541,29,81,77,10),(3542,29,82,89,10),(3543,29,83,82,10),(3544,29,84,77,10),(3545,29,86,84,10),(3546,29,89,91,10),(3547,29,90,91,10),(3548,29,91,86,10),(3549,29,92,77,10),(3550,29,81,91,11),(3551,29,82,79,11),(3552,29,83,79,11),(3553,29,84,79,11),(3554,29,86,79,11),(3555,29,89,79,11),(3556,29,90,91,11),(3557,29,92,91,11),(3558,29,80,80,12),(3559,29,81,80,12),(3560,29,82,83,12),(3561,29,83,80,12),(3562,29,84,80,12),(3563,29,86,82,12),(3564,29,89,89,12),(3565,29,90,81,12),(3566,29,91,80,12),(3567,29,92,80,12),(3568,30,93,101,1),(3569,30,97,105,1),(3570,30,99,109,1),(3571,30,100,105,1),(3572,30,104,107,1),(3573,30,106,110,1),(3574,30,111,102,1),(3575,30,93,110,2),(3576,30,94,108,2),(3577,30,95,108,2),(3578,30,96,109,2),(3579,30,97,97,2),(3580,30,98,110,2),(3581,30,99,94,2),(3582,30,100,98,2),(3583,30,101,113,2),(3584,30,102,111,2),(3585,30,103,97,2),(3586,30,104,97,2),(3587,30,106,98,2),(3588,30,107,113,2),(3589,30,108,98,2),(3590,30,109,98,2),(3591,30,110,108,2),(3592,30,111,107,2),(3593,30,112,110,2),(3594,30,113,109,2),(3595,30,114,99,2),(3596,30,93,112,3),(3597,30,97,108,3),(3598,30,99,112,3),(3599,30,100,101,3),(3600,30,104,101,3),(3601,30,106,107,3),(3602,30,111,101,3),(3603,30,93,97,4),(3604,30,94,106,4),(3605,30,95,106,4),(3606,30,96,96,4),(3607,30,97,94,4),(3608,30,99,106,4),(3609,30,100,111,4),(3610,30,102,107,4),(3611,30,103,102,4),(3612,30,104,97,4),(3613,30,106,103,4),(3614,30,107,114,4),(3615,30,108,109,4),(3616,30,109,102,4),(3617,30,110,103,4),(3618,30,111,106,4),(3619,30,112,107,4),(3620,30,113,93,4),(3621,30,114,107,4),(3622,30,93,112,5),(3623,30,97,102,5),(3624,30,99,95,5),(3625,30,100,102,5),(3626,30,104,109,5),(3627,30,111,102,5),(3628,30,93,103,6),(3629,30,94,109,6),(3630,30,95,103,6),(3631,30,96,108,6),(3632,30,97,104,6),(3633,30,99,96,6),(3634,30,100,99,6),(3635,30,103,94,6),(3636,30,104,114,6),(3637,30,107,99,6),(3638,30,108,107,6),(3639,30,109,99,6),(3640,30,110,111,6),(3641,30,111,100,6),(3642,30,112,110,6),(3643,30,113,96,6),(3644,30,114,99,6),(3645,30,93,94,7),(3646,30,97,103,7),(3647,30,100,103,7),(3648,30,104,107,7),(3649,30,111,94,7),(3650,30,93,100,8),(3651,30,95,95,8),(3652,30,96,100,8),(3653,30,97,109,8),(3654,30,100,107,8),(3655,30,103,114,8),(3656,30,104,111,8),(3657,30,107,107,8),(3658,30,108,107,8),(3659,30,109,97,8),(3660,30,110,112,8),(3661,30,111,100,8),(3662,30,112,107,8),(3663,30,113,107,8),(3664,30,114,109,8),(3665,30,93,108,9),(3666,30,97,108,9),(3667,30,100,109,9),(3668,30,104,103,9),(3669,30,111,108,9),(3670,30,93,104,10),(3671,30,95,109,10),(3672,30,96,100,10),(3673,30,97,103,10),(3674,30,100,100,10),(3675,30,103,114,10),(3676,30,104,104,10),(3677,30,109,109,10),(3678,30,110,103,10),(3679,30,111,93,10),(3680,30,112,103,10),(3681,30,113,96,10),(3682,30,114,109,10),(3683,30,93,96,11),(3684,30,97,109,11),(3685,30,100,109,11),(3686,30,104,95,11),(3687,30,111,109,11),(3688,30,93,110,12),(3689,30,95,104,12),(3690,30,96,104,12),(3691,30,97,100,12),(3692,30,100,110,12),(3693,30,104,97,12),(3694,30,110,93,12),(3695,30,111,112,12),(3696,30,112,93,12),(3697,30,113,104,12),(3698,30,114,110,12),(3699,30,93,110,13),(3700,30,97,112,13),(3701,30,100,110,13),(3702,30,111,110,13),(3703,30,93,112,14),(3704,30,95,111,14),(3705,30,96,111,14),(3706,30,97,111,14),(3707,30,100,100,14),(3708,30,111,100,14),(3709,30,112,111,14),(3710,30,113,111,14),(3711,30,114,111,14),(3712,30,93,112,15),(3713,30,97,95,15),(3714,30,100,112,15),(3715,30,93,100,16),(3716,30,95,95,16),(3717,30,96,100,16),(3718,30,97,114,16),(3719,30,100,100,16),(3720,30,113,113,16),(3721,30,114,100,16),(3722,30,93,113,17),(3723,30,97,113,17),(3724,30,93,97,18),(3725,30,95,97,18),(3726,30,96,114,18),(3727,30,97,114,18),(3728,30,114,114,18),(3729,30,93,95,19),(3730,30,97,95,19),(3731,31,2,11,1),(3732,31,4,3,1),(3733,31,7,3,1),(3734,31,10,5,1),(3735,31,12,5,1),(3736,31,2,7,2),(3737,31,4,10,2),(3738,31,5,6,2),(3739,31,6,13,2),(3740,31,7,14,2),(3741,31,8,9,2),(3742,31,9,7,2),(3743,31,10,2,2),(3744,31,11,5,2),(3745,31,12,4,2),(3746,31,13,11,2),(3747,31,14,15,2),(3748,31,15,6,2),(3749,31,2,5,3),(3750,31,4,14,3),(3751,31,7,5,3),(3752,31,10,9,3),(3753,31,12,11,3),(3754,31,2,10,4),(3755,31,4,11,4),(3756,31,7,13,4),(3757,31,8,4,4),(3758,31,9,7,4),(3759,31,10,13,4),(3760,31,11,7,4),(3761,31,12,11,4),(3762,31,13,7,4),(3763,31,14,13,4),(3764,31,15,8,4),(3765,31,2,13,5),(3766,31,4,8,5),(3767,31,10,13,5),(3768,31,12,14,5),(3769,31,2,8,6),(3770,31,4,15,6),(3771,31,8,15,6),(3772,31,9,14,6),(3773,31,10,9,6),(3774,31,11,11,6),(3775,31,12,8,6),(3776,31,14,4,6),(3777,31,15,11,6),(3778,31,2,11,7),(3779,31,4,14,7),(3780,31,10,9,7),(3781,31,12,9,7),(3782,31,2,10,8),(3783,31,4,2,8),(3784,31,10,10,8),(3785,31,11,10,8),(3786,31,12,10,8),(3787,31,14,15,8),(3788,31,15,2,8),(3789,31,2,11,9),(3790,31,4,11,9),(3791,31,12,11,9),(3792,31,2,2,10),(3793,31,4,12,10),(3794,31,12,12,10),(3795,31,14,15,10),(3796,31,15,12,10),(3797,31,2,14,11),(3798,31,4,14,11),(3799,32,74,81,1),(3800,32,79,76,1),(3801,32,80,84,1),(3802,32,92,86,1),(3803,32,72,77,2),(3804,32,73,84,2),(3805,32,74,84,2),(3806,32,75,92,2),(3807,32,77,91,2),(3808,32,78,77,2),(3809,32,79,89,2),(3810,32,80,88,2),(3811,32,81,80,2),(3812,32,82,85,2),(3813,32,83,82,2),(3814,32,84,82,2),(3815,32,85,74,2),(3816,32,86,92,2),(3817,32,87,75,2),(3818,32,88,84,2),(3819,32,89,86,2),(3820,32,90,74,2),(3821,32,91,85,2),(3822,32,92,87,2),(3823,32,74,88,3),(3824,32,79,81,3),(3825,32,80,73,3),(3826,32,92,82,3),(3827,32,72,85,4),(3828,32,74,74,4),(3829,32,75,80,4),(3830,32,77,74,4),(3831,32,78,75,4),(3832,32,79,78,4),(3833,32,80,92,4),(3834,32,81,85,4),(3835,32,82,77,4),(3836,32,83,80,4),(3837,32,85,81,4),(3838,32,86,74,4),(3839,32,87,81,4),(3840,32,88,81,4),(3841,32,89,91,4),(3842,32,90,77,4),(3843,32,91,75,4),(3844,32,92,82,4),(3845,32,79,81,5),(3846,32,80,82,5),(3847,32,92,81,5),(3848,32,72,77,6),(3849,32,75,75,6),(3850,32,77,85,6),(3851,32,78,79,6),(3852,32,79,83,6),(3853,32,80,90,6),(3854,32,82,80,6),(3855,32,83,85,6),(3856,32,85,79,6),(3857,32,86,75,6),(3858,32,87,75,6),(3859,32,88,75,6),(3860,32,89,75,6),(3861,32,90,87,6),(3862,32,91,77,6),(3863,32,92,75,6),(3864,32,79,72,7),(3865,32,80,86,7),(3866,32,92,89,7),(3867,32,77,82,8),(3868,32,78,88,8),(3869,32,79,92,8),(3870,32,80,83,8),(3871,32,82,77,8),(3872,32,83,85,8),(3873,32,85,78,8),(3874,32,86,77,8),(3875,32,87,86,8),(3876,32,88,80,8),(3877,32,89,80,8),(3878,32,90,77,8),(3879,32,91,90,8),(3880,32,92,77,8),(3881,32,79,82,9),(3882,32,80,85,9),(3883,32,92,83,9),(3884,32,78,87,10),(3885,32,79,78,10),(3886,32,80,78,10),(3887,32,83,78,10),(3888,32,85,88,10),(3889,32,86,91,10),(3890,32,87,78,10),(3891,32,88,78,10),(3892,32,89,92,10),(3893,32,90,78,10),(3894,32,91,80,10),(3895,32,92,79,10),(3896,32,79,83,11),(3897,32,80,83,11),(3898,32,92,85,11),(3899,32,79,85,12),(3900,32,80,79,12),(3901,32,85,90,12),(3902,32,86,79,12),(3903,32,87,88,12),(3904,32,88,87,12),(3905,32,89,79,12),(3906,32,90,91,12),(3907,32,91,85,12),(3908,32,92,87,12),(3909,32,80,85,13),(3910,32,92,85,13),(3911,32,80,86,14),(3912,32,86,86,14),(3913,32,87,86,14),(3914,32,88,86,14),(3915,32,89,88,14),(3916,32,90,80,14),(3917,32,91,80,14),(3918,32,92,80,14),(3919,32,80,87,15),(3920,32,92,87,15),(3921,32,80,92,16),(3922,32,88,80,16),(3923,32,89,80,16),(3924,32,90,90,16),(3925,32,91,88,16),(3926,32,92,80,16),(3927,33,98,111,1),(3928,33,99,94,1),(3929,33,100,95,1),(3930,33,101,114,1),(3931,33,102,111,1),(3932,33,105,111,1),(3933,33,107,114,1),(3934,33,108,103,1),(3935,33,113,109,1),(3936,33,93,106,2),(3937,33,94,114,2),(3938,33,95,102,2),(3939,33,96,94,2),(3940,33,97,112,2),(3941,33,98,96,2),(3942,33,99,98,2),(3943,33,100,106,2),(3944,33,101,101,2),(3945,33,102,104,2),(3946,33,103,113,2),(3947,33,104,105,2),(3948,33,105,114,2),(3949,33,106,109,2),(3950,33,107,101,2),(3951,33,108,109,2),(3952,33,109,105,2),(3953,33,110,102,2),(3954,33,112,94,2),(3955,33,113,93,2),(3956,33,114,100,2),(3957,33,98,103,3),(3958,33,99,103,3),(3959,33,100,106,3),(3960,33,101,96,3),(3961,33,102,103,3),(3962,33,105,96,3),(3963,33,107,114,3),(3964,33,108,103,3),(3965,33,113,95,3),(3966,33,93,110,4),(3967,33,95,108,4),(3968,33,96,98,4),(3969,33,97,110,4),(3970,33,98,112,4),(3971,33,99,114,4),(3972,33,100,98,4),(3973,33,101,104,4),(3974,33,102,113,4),(3975,33,104,113,4),(3976,33,105,104,4),(3977,33,106,112,4),(3978,33,107,105,4),(3979,33,108,102,4),(3980,33,109,112,4),(3981,33,110,108,4),(3982,33,112,112,4),(3983,33,113,96,4),(3984,33,114,110,4),(3985,33,98,109,5),(3986,33,99,114,5),(3987,33,100,114,5),(3988,33,101,110,5),(3989,33,102,110,5),(3990,33,105,104,5),(3991,33,107,109,5),(3992,33,108,106,5),(3993,33,113,96,5),(3994,33,93,99,6),(3995,33,95,104,6),(3996,33,96,113,6),(3997,33,97,113,6),(3998,33,98,101,6),(3999,33,99,114,6),(4000,33,100,104,6),(4001,33,101,114,6),(4002,33,102,102,6),(4003,33,104,110,6),(4004,33,105,99,6),(4005,33,106,95,6),(4006,33,107,113,6),(4007,33,108,105,6),(4008,33,110,113,6),(4009,33,113,110,6),(4010,33,114,110,6),(4011,33,98,114,7),(4012,33,99,95,7),(4013,33,100,114,7),(4014,33,101,104,7),(4015,33,102,104,7),(4016,33,105,95,7),(4017,33,107,114,7),(4018,33,108,114,7),(4019,33,93,98,8),(4020,33,95,104,8),(4021,33,96,100,8),(4022,33,97,97,8),(4023,33,98,97,8),(4024,33,99,95,8),(4025,33,100,106,8),(4026,33,101,105,8),(4027,33,102,93,8),(4028,33,104,95,8),(4029,33,105,97,8),(4030,33,106,106,8),(4031,33,107,104,8),(4032,33,108,99,8),(4033,33,110,93,8),(4034,33,98,104,9),(4035,33,99,93,9),(4036,33,100,104,9),(4037,33,101,110,9),(4038,33,102,110,9),(4039,33,105,106,9),(4040,33,107,104,9),(4041,33,108,106,9),(4042,33,93,107,10),(4043,33,95,105,10),(4044,33,96,95,10),(4045,33,98,93,10),(4046,33,99,95,10),(4047,33,100,96,10),(4048,33,101,99,10),(4049,33,102,102,10),(4050,33,105,102,10),(4051,33,106,93,10),(4052,33,107,95,10),(4053,33,108,93,10),(4054,33,110,98,10),(4055,33,98,95,11),(4056,33,99,110,11),(4057,33,100,95,11),(4058,33,101,95,11),(4059,33,102,110,11),(4060,33,105,106,11),(4061,33,107,95,11),(4062,33,108,106,11),(4063,33,96,98,12),(4064,33,98,105,12),(4065,33,99,106,12),(4066,33,100,106,12),(4067,33,101,96,12),(4068,33,102,96,12),(4069,33,105,101,12),(4070,33,106,100,12),(4071,33,107,96,12),(4072,33,108,96,12),(4073,33,110,105,12),(4074,33,98,106,13),(4075,33,99,106,13),(4076,33,100,106,13),(4077,33,101,106,13),(4078,33,102,106,13),(4079,33,105,110,13),(4080,33,107,106,13),(4081,33,108,106,13),(4082,34,2,7,1),(4083,34,3,4,1),(4084,34,10,14,1),(4085,34,11,5,1),(4086,34,12,4,1),(4087,34,13,6,1),(4088,34,2,7,2),(4089,34,3,12,2),(4090,34,5,3,2),(4091,34,6,8,2),(4092,34,7,13,2),(4093,34,8,10,2),(4094,34,9,12,2),(4095,34,10,6,2),(4096,34,11,2,2),(4097,34,12,10,2),(4098,34,13,9,2),(4099,34,14,11,2),(4100,34,15,6,2),(4101,34,2,14,3),(4102,34,3,5,3),(4103,34,10,14,3),(4104,34,11,7,3),(4105,34,12,14,3),(4106,34,13,5,3),(4107,34,2,8,4),(4108,34,3,2,4),(4109,34,5,12,4),(4110,34,7,13,4),(4111,34,8,7,4),(4112,34,9,7,4),(4113,34,10,9,4),(4114,34,11,2,4),(4115,34,12,11,4),(4116,34,13,15,4),(4117,34,15,3,4),(4118,34,3,15,5),(4119,34,10,5,5),(4120,34,11,15,5),(4121,34,12,15,5),(4122,34,13,15,5),(4123,34,3,11,6),(4124,34,5,5,6),(4125,34,7,5,6),(4126,34,8,3,6),(4127,34,9,11,6),(4128,34,10,3,6),(4129,34,11,3,6),(4130,34,12,5,6),(4131,34,13,5,6),(4132,34,3,7,7),(4133,34,10,7,7),(4134,34,11,7,7),(4135,34,12,7,7),(4136,34,13,7,7),(4137,34,3,13,8),(4138,34,8,3,8),(4139,34,9,13,8),(4140,34,10,13,8),(4141,34,11,8,8),(4142,34,12,3,8),(4143,34,13,10,8),(4144,34,3,8,9),(4145,34,10,8,9),(4146,34,11,8,9),(4147,34,12,8,9),(4148,34,3,9,10),(4149,34,9,9,10),(4150,34,10,10,10),(4151,34,11,9,10),(4152,34,12,9,10),(4153,35,81,73,1),(4154,35,82,72,1),(4155,35,85,92,1),(4156,35,73,87,2),(4157,35,74,80,2),(4158,35,75,81,2),(4159,35,76,81,2),(4160,35,77,89,2),(4161,35,78,80,2),(4162,35,79,86,2),(4163,35,80,79,2),(4164,35,81,80,2),(4165,35,82,76,2),(4166,35,83,76,2),(4167,35,84,73,2),(4168,35,85,88,2),(4169,35,86,89,2),(4170,35,87,78,2),(4171,35,88,80,2),(4172,35,89,92,2),(4173,35,90,86,2),(4174,35,91,82,2),(4175,35,92,89,2),(4176,35,81,79,3),(4177,35,82,75,3),(4178,35,85,91,3),(4179,35,73,82,4),(4180,35,74,88,4),(4181,35,76,84,4),(4182,35,77,79,4),(4183,35,78,92,4),(4184,35,79,79,4),(4185,35,81,78,4),(4186,35,82,76,4),(4187,35,83,88,4),(4188,35,84,90,4),(4189,35,85,74,4),(4190,35,86,90,4),(4191,35,87,85,4),(4192,35,88,90,4),(4193,35,89,87,4),(4194,35,90,78,4),(4195,35,91,83,4),(4196,35,92,89,4),(4197,35,81,76,5),(4198,35,82,88,5),(4199,35,85,83,5),(4200,35,73,83,6),(4201,35,74,73,6),(4202,35,77,73,6),(4203,35,78,89,6),(4204,35,79,92,6),(4205,35,81,73,6),(4206,35,82,85,6),(4207,35,83,92,6),(4208,35,84,74,6),(4209,35,85,81,6),(4210,35,86,82,6),(4211,35,87,91,6),(4212,35,88,77,6),(4213,35,89,89,6),(4214,35,91,85,6),(4215,35,92,77,6),(4216,35,81,74,7),(4217,35,82,91,7),(4218,35,85,83,7),(4219,35,77,86,8),(4220,35,78,77,8),(4221,35,79,77,8),(4222,35,81,92,8),(4223,35,82,77,8),(4224,35,83,91,8),(4225,35,84,81,8),(4226,35,85,77,8),(4227,35,86,78,8),(4228,35,87,87,8),(4229,35,88,89,8),(4230,35,89,77,8),(4231,35,91,79,8),(4232,35,92,91,8),(4233,35,81,91,9),(4234,35,82,83,9),(4235,35,85,84,9),(4236,35,78,78,10),(4237,35,79,91,10),(4238,35,81,78,10),(4239,35,82,78,10),(4240,35,84,78,10),(4241,35,85,84,10),(4242,35,86,79,10),(4243,35,87,85,10),(4244,35,88,87,10),(4245,35,89,86,10),(4246,35,91,78,10),(4247,35,92,78,10),(4248,35,81,79,11),(4249,35,82,79,11),(4250,35,85,92,11),(4251,35,81,81,12),(4252,35,82,85,12),(4253,35,84,91,12),(4254,35,85,81,12),(4255,35,86,81,12),(4256,35,87,88,12),(4257,35,88,87,12),(4258,35,89,81,12),(4259,35,91,81,12),(4260,35,92,84,12),(4261,35,82,84,13),(4262,35,85,84,13),(4263,35,82,89,14),(4264,35,85,86,14),(4265,35,86,82,14),(4266,35,87,85,14),(4267,35,88,82,14),(4268,35,89,82,14),(4269,35,91,82,14),(4270,35,92,92,14),(4271,36,93,94,1),(4272,36,97,111,1),(4273,36,107,94,1),(4274,36,108,111,1),(4275,36,109,98,1),(4276,36,110,113,1),(4277,36,93,95,2),(4278,36,95,106,2),(4279,36,96,103,2),(4280,36,97,112,2),(4281,36,98,102,2),(4282,36,99,111,2),(4283,36,100,111,2),(4284,36,101,95,2),(4285,36,102,105,2),(4286,36,103,104,2),(4287,36,104,110,2),(4288,36,105,102,2),(4289,36,106,114,2),(4290,36,107,96,2),(4291,36,108,107,2),(4292,36,109,108,2),(4293,36,110,109,2),(4294,36,111,103,2),(4295,36,112,114,2),(4296,36,113,111,2),(4297,36,114,96,2),(4298,36,93,112,3),(4299,36,97,99,3),(4300,36,107,112,3),(4301,36,108,112,3),(4302,36,109,101,3),(4303,36,110,95,3),(4304,36,93,106,4),(4305,36,95,95,4),(4306,36,96,107,4),(4307,36,97,99,4),(4308,36,98,95,4),(4309,36,99,106,4),(4310,36,100,105,4),(4311,36,101,105,4),(4312,36,102,113,4),(4313,36,103,113,4),(4314,36,104,97,4),(4315,36,105,96,4),(4316,36,106,108,4),(4317,36,107,110,4),(4318,36,108,100,4),(4319,36,109,113,4),(4320,36,110,110,4),(4321,36,113,101,4),(4322,36,114,105,4),(4323,36,93,101,5),(4324,36,97,104,5),(4325,36,107,103,5),(4326,36,108,106,5),(4327,36,109,113,5),(4328,36,110,100,5),(4329,36,93,98,6),(4330,36,95,113,6),(4331,36,96,98,6),(4332,36,97,96,6),(4333,36,98,96,6),(4334,36,99,98,6),(4335,36,101,96,6),(4336,36,102,104,6),(4337,36,103,114,6),(4338,36,104,101,6),(4339,36,106,99,6),(4340,36,107,107,6),(4341,36,108,98,6),(4342,36,109,108,6),(4343,36,110,101,6),(4344,36,113,95,6),(4345,36,114,113,6),(4346,36,93,99,7),(4347,36,97,113,7),(4348,36,107,114,7),(4349,36,108,101,7),(4350,36,109,101,7),(4351,36,110,103,7),(4352,36,93,108,8),(4353,36,95,99,8),(4354,36,96,113,8),(4355,36,97,110,8),(4356,36,99,103,8),(4357,36,102,95,8),(4358,36,103,97,8),(4359,36,104,99,8),(4360,36,106,114,8),(4361,36,107,93,8),(4362,36,108,102,8),(4363,36,109,108,8),(4364,36,110,99,8),(4365,36,113,99,8),(4366,36,114,96,8),(4367,36,93,102,9),(4368,36,97,103,9),(4369,36,107,113,9),(4370,36,108,95,9),(4371,36,109,113,9),(4372,36,110,95,9),(4373,36,93,106,10),(4374,36,96,108,10),(4375,36,97,110,10),(4376,36,102,102,10),(4377,36,103,109,10),(4378,36,104,96,10),(4379,36,106,113,10),(4380,36,107,102,10),(4381,36,108,96,10),(4382,36,109,102,10),(4383,36,110,107,10),(4384,36,113,96,10),(4385,36,114,113,10),(4386,36,93,102,11),(4387,36,97,102,11),(4388,36,107,113,11),(4389,36,108,103,11),(4390,36,109,114,11),(4391,36,110,102,11),(4392,36,93,109,12),(4393,36,97,108,12),(4394,36,103,97,12),(4395,36,104,97,12),(4396,36,106,107,12),(4397,36,107,114,12),(4398,36,108,110,12),(4399,36,109,106,12),(4400,36,110,103,12),(4401,36,113,103,12),(4402,36,114,109,12),(4403,36,93,103,13),(4404,36,107,113,13),(4405,36,108,106,13),(4406,36,109,103,13),(4407,36,110,114,13),(4408,36,93,110,14),(4409,36,104,107,14),(4410,36,106,104,14),(4411,36,107,104,14),(4412,36,108,104,14),(4413,36,109,107,14),(4414,36,110,110,14),(4415,36,113,104,14),(4416,36,114,93,14),(4417,36,93,106,15),(4418,36,107,106,15),(4419,36,108,113,15),(4420,36,109,106,15),(4421,36,110,106,15),(4422,36,93,107,16),(4423,36,107,107,16),(4424,36,108,107,16),(4425,36,109,107,16),(4426,36,110,107,16),(4427,36,113,107,16),(4428,36,114,108,16),(4429,36,93,113,17),(4430,36,108,113,17),(4431,36,109,113,17),(4432,36,110,113,17),(4433,38,72,88,1),(4434,38,82,76,1),(4435,38,83,73,1),(4436,38,89,85,1),(4437,38,91,76,1),(4438,38,92,88,1),(4439,38,72,79,2),(4440,38,73,72,2),(4441,38,74,89,2),(4442,38,75,92,2),(4443,38,77,91,2),(4444,38,78,77,2),(4445,38,79,78,2),(4446,38,80,77,2),(4447,38,81,79,2),(4448,38,82,87,2),(4449,38,83,92,2),(4450,38,84,88,2),(4451,38,85,92,2),(4452,38,86,72,2),(4453,38,87,92,2),(4454,38,88,87,2),(4455,38,89,89,2),(4456,38,90,90,2),(4457,38,91,78,2),(4458,38,92,77,2),(4459,38,72,77,3),(4460,38,82,73,3),(4461,38,83,79,3),(4462,38,89,79,3),(4463,38,91,74,3),(4464,38,72,91,4),(4465,38,73,85,4),(4466,38,74,91,4),(4467,38,75,72,4),(4468,38,77,82,4),(4469,38,78,87,4),(4470,38,80,87,4),(4471,38,81,89,4),(4472,38,82,86,4),(4473,38,83,80,4),(4474,38,84,85,4),(4475,38,85,89,4),(4476,38,86,88,4),(4477,38,87,73,4),(4478,38,88,84,4),(4479,38,89,78,4),(4480,38,90,82,4),(4481,38,91,85,4),(4482,38,72,77,5),(4483,38,82,80,5),(4484,38,83,81,5),(4485,38,89,80,5),(4486,38,91,77,5),(4487,38,72,78,6),(4488,38,73,72,6),(4489,38,74,72,6),(4490,38,75,82,6),(4491,38,78,91,6),(4492,38,80,81,6),(4493,38,81,80,6),(4494,38,82,72,6),(4495,38,83,89,6),(4496,38,84,86,6),(4497,38,86,72,6),(4498,38,87,83,6),(4499,38,88,84,6),(4500,38,89,83,6),(4501,38,90,72,6),(4502,38,91,90,6),(4503,38,82,90,7),(4504,38,83,73,7),(4505,38,89,80,7),(4506,38,91,78,7),(4507,38,74,75,8),(4508,38,75,78,8),(4509,38,78,84,8),(4510,38,80,90,8),(4511,38,81,88,8),(4512,38,82,74,8),(4513,38,83,74,8),(4514,38,84,91,8),(4515,38,86,80,8),(4516,38,87,86,8),(4517,38,88,90,8),(4518,38,89,86,8),(4519,38,90,78,8),(4520,38,91,83,8),(4521,38,82,90,9),(4522,38,83,86,9),(4523,38,89,80,9),(4524,38,91,86,9),(4525,38,75,75,10),(4526,38,78,87,10),(4527,38,80,84,10),(4528,38,81,82,10),(4529,38,82,75,10),(4530,38,83,88,10),(4531,38,84,83,10),(4532,38,87,89,10),(4533,38,88,87,10),(4534,38,89,83,10),(4535,38,90,87,10),(4536,38,91,80,10),(4537,38,82,78,11),(4538,38,83,84,11),(4539,38,89,88,11),(4540,38,91,81,11),(4541,38,75,88,12),(4542,38,80,80,12),(4543,38,81,90,12),(4544,38,82,75,12),(4545,38,83,80,12),(4546,38,84,88,12),(4547,38,88,81,12),(4548,38,89,83,12),(4549,38,90,81,12),(4550,38,91,75,12),(4551,38,82,80,13),(4552,38,83,80,13),(4553,38,89,80,13),(4554,38,91,80,13),(4555,38,81,81,14),(4556,38,82,88,14),(4557,38,83,83,14),(4558,38,84,89,14),(4559,38,88,82,14),(4560,38,89,81,14),(4561,38,90,88,14),(4562,38,91,81,14),(4563,38,82,84,15),(4564,38,83,84,15),(4565,38,89,84,15),(4566,38,91,84,15),(4567,38,82,82,16),(4568,38,83,82,16),(4569,38,88,82,16),(4570,38,89,82,16),(4571,38,90,91,16),(4572,38,91,88,16),(4573,38,83,88,17),(4574,38,89,88,17),(4575,38,91,88,17),(4576,39,93,94,1),(4577,39,97,98,1),(4578,39,99,96,1),(4579,39,102,101,1),(4580,39,108,98,1),(4581,39,114,113,1),(4582,39,93,96,2),(4583,39,94,108,2),(4584,39,95,111,2),(4585,39,96,108,2),(4586,39,97,102,2),(4587,39,99,100,2),(4588,39,100,107,2),(4589,39,101,103,2),(4590,39,102,105,2),(4591,39,103,111,2),(4592,39,104,108,2),(4593,39,105,110,2),(4594,39,106,99,2),(4595,39,107,95,2),(4596,39,108,97,2),(4597,39,109,108,2),(4598,39,110,106,2),(4599,39,111,112,2),(4600,39,112,107,2),(4601,39,113,94,2),(4602,39,114,103,2),(4603,39,93,106,3),(4604,39,97,107,3),(4605,39,99,112,3),(4606,39,102,96,3),(4607,39,114,103,3),(4608,39,93,100,4),(4609,39,94,93,4),(4610,39,95,99,4),(4611,39,97,110,4),(4612,39,99,109,4),(4613,39,100,99,4),(4614,39,101,111,4),(4615,39,102,104,4),(4616,39,103,106,4),(4617,39,104,102,4),(4618,39,105,109,4),(4619,39,106,95,4),(4620,39,107,105,4),(4621,39,109,111,4),(4622,39,110,97,4),(4623,39,111,106,4),(4624,39,112,97,4),(4625,39,113,93,4),(4626,39,114,94,4),(4627,39,97,94,5),(4628,39,99,100,5),(4629,39,102,109,5),(4630,39,114,104,5),(4631,39,95,109,6),(4632,39,97,107,6),(4633,39,99,112,6),(4634,39,100,106,6),(4635,39,101,102,6),(4636,39,102,107,6),(4637,39,103,105,6),(4638,39,104,114,6),(4639,39,105,101,6),(4640,39,106,109,6),(4641,39,107,95,6),(4642,39,109,109,6),(4643,39,110,101,6),(4644,39,111,95,6),(4645,39,112,100,6),(4646,39,113,104,6),(4647,39,114,106,6),(4648,39,97,113,7),(4649,39,99,113,7),(4650,39,102,112,7),(4651,39,114,100,7),(4652,39,95,102,8),(4653,39,97,105,8),(4654,39,99,95,8),(4655,39,100,95,8),(4656,39,101,110,8),(4657,39,102,110,8),(4658,39,103,107,8),(4659,39,104,112,8),(4660,39,105,111,8),(4661,39,106,111,8),(4662,39,107,95,8),(4663,39,110,110,8),(4664,39,111,114,8),(4665,39,112,97,8),(4666,39,114,105,8),(4667,39,97,100,9),(4668,39,99,106,9),(4669,39,102,105,9),(4670,39,114,100,9),(4671,39,97,103,10),(4672,39,99,105,10),(4673,39,101,111,10),(4674,39,102,101,10),(4675,39,103,110,10),(4676,39,104,97,10),(4677,39,105,97,10),(4678,39,106,104,10),(4679,39,107,97,10),(4680,39,110,99,10),(4681,39,111,106,10),(4682,39,112,110,10),(4683,39,114,107,10),(4684,39,99,101,11),(4685,39,102,104,11),(4686,39,114,101,11),(4687,39,99,102,12),(4688,39,102,99,12),(4689,39,103,102,12),(4690,39,104,110,12),(4691,39,105,102,12),(4692,39,106,110,12),(4693,39,107,99,12),(4694,39,110,104,12),(4695,39,111,102,12),(4696,39,112,114,12),(4697,39,114,102,12),(4698,39,99,103,13),(4699,39,114,103,13),(4700,39,99,106,14),(4701,39,104,110,14),(4702,39,105,114,14),(4703,39,106,114,14),(4704,39,107,104,14),(4705,39,110,110,14),(4706,39,111,114,14),(4707,39,112,104,14),(4708,39,114,99,14),(4709,41,73,80,1),(4710,41,77,72,1),(4711,41,78,74,1),(4712,41,73,75,2),(4713,41,74,90,2),(4714,41,75,76,2),(4715,41,76,87,2),(4716,41,77,75,2),(4717,41,78,86,2),(4718,41,79,80,2),(4719,41,80,86,2),(4720,41,81,73,2),(4721,41,82,79,2),(4722,41,83,76,2),(4723,41,84,75,2),(4724,41,85,92,2),(4725,41,86,81,2),(4726,41,87,76,2),(4727,41,88,86,2),(4728,41,89,78,2),(4729,41,90,89,2),(4730,41,91,73,2),(4731,41,92,73,2),(4732,41,77,86,3),(4733,41,78,74,3),(4734,41,75,84,4),(4735,41,76,75,4),(4736,41,77,92,4),(4737,41,78,75,4),(4738,41,79,76,4),(4739,41,80,81,4),(4740,41,81,77,4),(4741,41,82,75,4),(4742,41,83,80,4),(4743,41,84,90,4),(4744,41,85,75,4),(4745,41,86,75,4),(4746,41,87,91,4),(4747,41,88,75,4),(4748,41,89,75,4),(4749,41,90,91,4),(4750,41,91,82,4),(4751,41,92,75,4),(4752,41,77,85,5),(4753,41,78,76,5),(4754,41,77,88,6),(4755,41,78,90,6),(4756,41,79,86,6),(4757,41,80,85,6),(4758,41,81,79,6),(4759,41,82,87,6),(4760,41,83,83,6),(4761,41,84,92,6),(4762,41,85,77,6),(4763,41,86,88,6),(4764,41,87,88,6),(4765,41,88,80,6),(4766,41,89,81,6),(4767,41,90,89,6),(4768,41,91,83,6),(4769,41,92,80,6),(4770,41,77,79,7),(4771,41,78,79,7),(4772,41,77,77,8),(4773,41,78,78,8),(4774,41,80,91,8),(4775,41,81,83,8),(4776,41,82,86,8),(4777,41,83,89,8),(4778,41,84,86,8),(4779,41,85,86,8),(4780,41,86,77,8),(4781,41,87,77,8),(4782,41,89,91,8),(4783,41,90,89,8),(4784,41,91,84,8),(4785,41,92,89,8),(4786,42,100,98,1),(4787,42,101,96,1),(4788,42,106,112,1),(4789,42,113,108,1),(4790,42,93,99,2),(4791,42,94,110,2),(4792,42,95,95,2),(4793,42,97,98,2),(4794,42,98,100,2),(4795,42,99,113,2),(4796,42,100,93,2),(4797,42,101,108,2),(4798,42,102,109,2),(4799,42,103,104,2),(4800,42,104,110,2),(4801,42,105,93,2),(4802,42,106,94,2),(4803,42,107,98,2),(4804,42,108,97,2),(4805,42,109,109,2),(4806,42,110,111,2),(4807,42,111,97,2),(4808,42,112,102,2),(4809,42,113,98,2),(4810,42,114,100,2),(4811,42,100,112,3),(4812,42,101,102,3),(4813,42,106,97,3),(4814,42,113,114,3),(4815,42,93,113,4),(4816,42,94,104,4),(4817,42,95,95,4),(4818,42,99,100,4),(4819,42,100,109,4),(4820,42,101,106,4),(4821,42,102,103,4),(4822,42,103,99,4),(4823,42,104,112,4),(4824,42,105,107,4),(4825,42,106,93,4),(4826,42,107,99,4),(4827,42,108,95,4),(4828,42,109,101,4),(4829,42,110,110,4),(4830,42,111,111,4),(4831,42,112,99,4),(4832,42,113,99,4),(4833,42,114,100,4),(4834,42,100,102,5),(4835,42,101,102,5),(4836,42,106,95,5),(4837,42,113,102,5),(4838,42,93,103,6),(4839,42,94,95,6),(4840,42,95,112,6),(4841,42,100,113,6),(4842,42,101,105,6),(4843,42,103,103,6),(4844,42,104,107,6),(4845,42,105,94,6),(4846,42,106,112,6),(4847,42,107,108,6),(4848,42,108,111,6),(4849,42,109,100,6),(4850,42,110,112,6),(4851,42,111,100,6),(4852,42,112,111,6),(4853,42,113,113,6),(4854,42,114,104,6),(4855,42,100,103,7),(4856,42,101,107,7),(4857,42,106,107,7),(4858,42,113,104,7),(4859,42,93,93,8),(4860,42,94,113,8),(4861,42,95,108,8),(4862,42,100,113,8),(4863,42,101,94,8),(4864,42,103,100,8),(4865,42,104,111,8),(4866,42,105,95,8),(4867,42,106,100,8),(4868,42,108,100,8),(4869,42,109,94,8),(4870,42,110,114,8),(4871,42,111,100,8),(4872,42,113,104,8),(4873,42,114,100,8),(4874,42,101,103,9),(4875,42,106,94,9),(4876,42,113,103,9),(4877,42,93,106,10),(4878,42,94,113,10),(4879,42,95,101,10),(4880,42,101,95,10),(4881,42,104,113,10),(4882,42,105,108,10),(4883,42,106,101,10),(4884,42,108,108,10),(4885,42,109,113,10),(4886,42,110,104,10),(4887,42,111,95,10),(4888,42,113,104,10),(4889,42,114,108,10),(4890,42,101,104,11),(4891,42,106,104,11),(4892,42,113,109,11),(4893,42,93,101,12),(4894,42,94,101,12),(4895,42,95,101,12),(4896,42,101,109,12),(4897,42,105,113,12),(4898,42,106,109,12),(4899,42,109,106,12),(4900,42,110,101,12),(4901,42,111,110,12),(4902,42,113,110,12),(4903,42,114,93,12),(4904,42,106,114,13),(4905,42,113,105,13),(4906,42,93,94,14),(4907,42,94,106,14),(4908,42,95,113,14),(4909,42,106,110,14),(4910,42,109,106,14),(4911,42,110,106,14),(4912,42,111,113,14),(4913,42,113,106,14),(4914,42,114,106,14),(4915,43,2,9,1),(4916,43,4,3,1),(4917,43,7,6,1),(4918,43,8,5,1),(4919,43,11,9,1),(4920,43,12,15,1),(4921,43,14,9,1),(4922,43,2,14,2),(4923,43,3,8,2),(4924,43,4,10,2),(4925,43,5,4,2),(4926,43,6,5,2),(4927,43,7,15,2),(4928,43,8,13,2),(4929,43,10,14,2),(4930,43,11,11,2),(4931,43,12,15,2),(4932,43,13,8,2),(4933,43,14,7,2),(4934,43,15,4,2),(4935,43,2,10,3),(4936,43,7,10,3),(4937,43,8,5,3),(4938,43,11,15,3),(4939,43,12,15,3),(4940,43,14,15,3),(4941,43,2,8,4),(4942,43,3,11,4),(4943,43,5,3,4),(4944,43,6,12,4),(4945,43,7,12,4),(4946,43,8,2,4),(4947,43,10,10,4),(4948,43,11,3,4),(4949,43,12,3,4),(4950,43,13,5,4),(4951,43,14,11,4),(4952,43,2,10,5),(4953,43,7,5,5),(4954,43,8,10,5),(4955,43,11,10,5),(4956,43,12,5,5),(4957,43,14,13,5),(4958,43,2,5,6),(4959,43,5,6,6),(4960,43,6,5,6),(4961,43,7,5,6),(4962,43,8,13,6),(4963,43,11,2,6),(4964,43,12,13,6),(4965,43,13,13,6),(4966,43,14,6,6),(4967,43,2,13,7),(4968,43,7,6,7),(4969,43,8,13,7),(4970,43,11,13,7),(4971,43,12,13,7),(4972,43,14,6,7),(4973,43,2,11,8),(4974,43,6,2,8),(4975,43,7,14,8),(4976,43,8,6,8),(4977,43,11,12,8),(4978,43,12,6,8),(4979,43,14,6,8),(4981,44,77,89,1),(4982,44,79,84,1),(4983,44,83,84,1),(4984,44,86,78,1),(4985,44,87,78,1),(4986,44,88,89,1),(4987,44,92,72,1),(4988,44,72,87,2),(4989,44,73,89,2),(4990,44,74,86,2),(4991,44,75,72,2),(4992,44,76,80,2),(4993,44,77,90,2),(4994,44,79,88,2),(4995,44,80,79,2),(4996,44,81,92,2),(4997,44,82,90,2),(4998,44,83,73,2),(4999,44,84,91,2),(5000,44,85,79,2),(5001,44,86,83,2),(5002,44,87,88,2),(5003,44,88,73,2),(5004,44,89,84,2),(5005,44,90,81,2),(5006,44,91,79,2),(5007,44,92,85,2),(5008,44,77,85,3),(5009,44,83,80,3),(5010,44,86,80,3),(5011,44,87,89,3),(5012,44,88,89,3),(5013,44,92,84,3),(5014,44,72,92,4),(5015,44,73,91,4),(5016,44,74,76,4),(5017,44,75,86,4),(5018,44,76,92,4),(5019,44,77,77,4),(5020,44,81,83,4),(5021,44,82,74,4),(5022,44,83,92,4),(5023,44,84,86,4),(5024,44,85,72,4),(5025,44,86,84,4),(5026,44,87,74,4),(5027,44,88,74,4),(5028,44,89,88,4),(5029,44,90,77,4),(5030,44,91,72,4),(5031,44,92,81,4),(5032,44,77,81,5),(5033,44,83,81,5),(5034,44,86,91,5),(5035,44,87,72,5),(5036,44,88,81,5),(5037,44,92,81,5),(5038,44,72,75,6),(5039,44,73,75,6),(5040,44,75,85,6),(5041,44,76,82,6),(5042,44,77,82,6),(5043,44,82,86,6),(5044,44,83,82,6),(5045,44,84,85,6),(5046,44,85,76,6),(5047,44,86,75,6),(5048,44,87,84,6),(5049,44,88,73,6),(5050,44,89,82,6),(5051,44,90,91,6),(5052,44,91,77,6),(5053,44,92,88,6),(5054,44,77,84,7),(5055,44,83,84,7),(5056,44,86,91,7),(5057,44,87,85,7),(5058,44,88,85,7),(5059,44,92,84,7),(5060,44,72,75,8),(5061,44,73,83,8),(5062,44,75,86,8),(5063,44,76,91,8),(5064,44,77,89,8),(5065,44,83,72,8),(5066,44,85,83,8),(5067,44,86,91,8),(5068,44,87,83,8),(5069,44,88,86,8),(5070,44,89,83,8),(5071,44,90,83,8),(5072,44,91,83,8),(5073,44,92,83,8),(5074,44,77,85,9),(5075,44,86,85,9),(5076,44,87,73,9),(5077,44,88,85,9),(5078,44,92,72,9),(5079,44,72,73,10),(5080,44,73,86,10),(5081,44,75,86,10),(5082,44,76,86,10),(5083,44,77,75,10),(5084,44,86,86,10),(5085,44,87,77,10),(5086,44,88,86,10),(5087,44,89,86,10),(5088,44,90,75,10),(5089,44,91,91,10),(5090,44,92,86,10),(5091,44,77,89,11),(5092,44,87,89,11),(5093,44,88,75,11),(5094,44,92,89,11),(5095,44,72,87,12),(5096,44,73,87,12),(5097,44,75,87,12),(5098,44,76,90,12),(5099,44,77,72,12),(5100,44,87,76,12),(5101,44,88,73,12),(5102,44,90,75,12),(5103,44,91,87,12),(5104,44,92,75,12),(5105,44,77,72,13),(5106,44,88,90,13),(5107,44,92,90,13),(5108,44,72,88,14),(5109,44,73,91,14),(5110,44,75,73,14),(5111,44,76,76,14),(5112,44,77,88,14),(5113,44,88,88,14),(5114,44,91,88,14),(5115,44,92,75,14),(5116,44,77,91,15),(5117,44,92,91,15),(5118,44,72,92,16),(5119,44,73,73,16),(5120,44,75,92,16),(5121,44,76,92,16),(5122,44,77,92,16),(5123,44,92,92,16),(5124,45,95,97,1),(5125,45,98,101,1),(5126,45,100,96,1),(5127,45,111,105,1),(5128,45,113,96,1),(5129,45,114,93,1),(5130,45,93,95,2),(5131,45,94,102,2),(5132,45,95,99,2),(5133,45,97,112,2),(5134,45,98,109,2),(5135,45,99,99,2),(5136,45,100,107,2),(5137,45,101,98,2),(5138,45,102,94,2),(5139,45,103,93,2),(5140,45,104,100,2),(5141,45,105,110,2),(5142,45,106,99,2),(5143,45,107,98,2),(5144,45,108,103,2),(5145,45,109,98,2),(5146,45,110,100,2),(5147,45,111,93,2),(5148,45,112,103,2),(5149,45,113,97,2),(5150,45,114,112,2),(5151,45,95,105,3),(5152,45,100,109,3),(5153,45,111,93,3),(5154,45,113,101,3),(5155,45,114,104,3),(5156,45,94,94,4),(5157,45,95,106,4),(5158,45,97,102,4),(5159,45,99,114,4),(5160,45,100,95,4),(5161,45,101,113,4),(5162,45,102,106,4),(5163,45,103,100,4),(5164,45,104,97,4),(5165,45,105,103,4),(5166,45,106,97,4),(5167,45,107,114,4),(5168,45,108,95,4),(5169,45,109,94,4),(5170,45,110,100,4),(5171,45,111,105,4),(5172,45,112,113,4),(5173,45,113,104,4),(5174,45,114,101,4),(5175,45,95,112,5),(5176,45,100,112,5),(5177,45,111,107,5),(5178,45,113,108,5),(5179,45,114,97,5),(5180,45,95,100,6),(5181,45,97,103,6),(5182,45,99,102,6),(5183,45,100,108,6),(5184,45,101,97,6),(5185,45,102,102,6),(5186,45,103,104,6),(5187,45,104,110,6),(5188,45,105,104,6),(5189,45,106,102,6),(5190,45,107,104,6),(5191,45,108,99,6),(5192,45,109,106,6),(5193,45,110,103,6),(5194,45,111,107,6),(5195,45,113,113,6),(5196,45,114,101,6),(5197,45,95,99,7),(5198,45,100,99,7),(5199,45,111,97,7),(5200,45,113,104,7),(5201,45,114,97,7),(5202,45,95,105,8),(5203,45,99,100,8),(5204,45,100,113,8),(5205,45,101,103,8),(5206,45,103,99,8),(5207,45,104,108,8),(5208,45,105,109,8),(5209,45,106,106,8),(5210,45,107,110,8),(5211,45,108,99,8),(5212,45,109,110,8),(5213,45,110,99,8),(5214,45,111,114,8),(5215,45,113,95,8),(5216,45,114,95,8),(5217,45,95,110,9),(5218,45,100,101,9),(5219,45,111,103,9),(5220,45,113,101,9),(5221,45,114,101,9),(5222,45,95,100,10),(5223,45,100,95,10),(5224,45,103,108,10),(5225,45,104,104,10),(5226,45,105,105,10),(5227,45,106,100,10),(5228,45,107,103,10),(5229,45,108,109,10),(5230,45,109,109,10),(5231,45,110,103,10),(5232,45,111,113,10),(5233,45,113,109,10),(5234,45,114,95,10),(5235,45,95,106,11),(5236,45,100,108,11),(5237,45,111,103,11),(5238,45,113,103,11),(5239,45,114,103,11),(5240,45,95,100,12),(5241,45,100,114,12),(5242,45,104,110,12),(5243,45,105,108,12),(5244,45,106,104,12),(5245,45,107,110,12),(5246,45,108,100,12),(5247,45,110,100,12),(5248,45,111,104,12),(5249,45,113,113,12),(5250,45,114,95,12),(5251,45,95,107,13),(5252,45,111,104,13),(5253,45,113,104,13),(5254,45,114,104,13),(5255,45,95,95,14),(5256,45,105,105,14),(5257,45,106,114,14),(5258,45,107,105,14),(5259,45,108,105,14),(5260,45,110,114,14),(5261,45,111,105,14),(5262,45,113,105,14),(5263,45,114,105,14),(5264,45,95,106,15),(5265,45,111,106,15),(5266,45,113,106,15),(5267,45,114,106,15),(5268,45,95,114,16),(5269,45,107,107,16),(5270,45,108,113,16),(5271,45,110,107,16),(5272,45,111,107,16),(5273,45,113,108,16),(5274,45,114,95,16),(5275,45,95,110,17),(5276,45,111,108,17),(5277,45,113,108,17),(5278,45,114,108,17),(5279,46,4,5,1),(5280,46,2,6,2),(5281,46,3,12,2),(5282,46,4,2,2),(5283,46,6,9,2),(5284,46,7,12,2),(5285,46,8,13,2),(5286,46,9,6,2),(5287,46,10,15,2),(5288,46,11,13,2),(5289,46,12,11,2),(5290,46,13,14,2),(5291,46,14,14,2),(5292,46,15,7,2),(5293,46,4,3,3),(5294,46,2,15,4),(5295,46,4,13,4),(5296,46,7,11,4),(5297,46,8,7,4),(5298,46,9,2,4),(5299,46,10,4,4),(5300,46,11,4,4),(5301,46,12,9,4),(5302,46,13,7,4),(5303,46,14,4,4),(5304,46,15,7,4),(5305,46,2,11,6),(5306,46,7,13,6),(5307,46,8,8,6),(5308,46,9,7,6),(5309,46,10,14,6),(5310,46,11,7,6),(5311,46,12,7,6),(5312,46,13,12,6),(5313,46,14,7,6),(5314,46,15,8,6),(5315,46,2,8,8),(5316,46,8,14,8),(5317,46,9,10,8),(5318,46,10,8,8),(5319,46,11,8,8),(5320,46,12,14,8),(5321,46,13,10,8),(5322,46,14,15,8),(5323,46,15,9,8),(5324,46,2,9,10),(5325,46,9,14,10),(5326,46,10,9,10),(5327,46,11,9,10),(5328,46,12,9,10),(5329,46,13,9,10),(5330,46,14,2,10),(5331,46,15,12,10),(5332,46,2,13,12),(5333,46,10,10,12),(5334,46,11,11,12),(5335,46,12,10,12),(5336,46,13,13,12),(5337,46,14,12,12),(5338,46,15,10,12),(5339,46,2,11,14),(5340,46,11,11,14),(5341,46,12,11,14),(5342,46,13,11,14),(5343,46,14,11,14),(5344,46,15,13,14),(5345,46,2,12,16),(5346,46,12,12,16),(5347,46,13,15,16),(5348,46,14,12,16),(5349,46,15,15,16),(5350,46,2,13,18),(5351,46,13,15,18),(5352,46,14,13,18),(5353,46,15,13,18),(5354,46,2,14,20),(5355,46,14,14,20),(5356,46,15,14,20),(5357,46,2,15,22),(5358,46,15,15,22),(5359,46,2,2,24),(5360,47,75,87,1),(5361,47,76,78,1),(5362,47,77,79,1),(5363,47,82,80,1),(5364,47,85,83,1),(5365,47,89,78,1),(5366,47,72,84,2),(5367,47,73,76,2),(5368,47,74,73,2),(5369,47,75,90,2),(5370,47,76,74,2),(5371,47,77,85,2),(5372,47,79,90,2),(5373,47,80,76,2),(5374,47,81,91,2),(5375,47,82,89,2),(5376,47,83,81,2),(5377,47,84,82,2),(5378,47,85,88,2),(5379,47,86,89,2),(5380,47,87,80,2),(5381,47,88,76,2),(5382,47,89,79,2),(5383,47,90,80,2),(5384,47,91,75,2),(5385,47,92,85,2),(5386,47,75,74,3),(5387,47,77,79,3),(5388,47,82,86,3),(5389,47,85,83,3),(5390,47,89,79,3),(5391,47,72,92,4),(5392,47,73,81,4),(5393,47,74,72,4),(5394,47,75,80,4),(5395,47,77,80,4),(5396,47,80,87,4),(5397,47,81,90,4),(5398,47,82,89,4),(5399,47,83,75,4),(5400,47,84,74,4),(5401,47,85,72,4),(5402,47,86,75,4),(5403,47,87,80,4),(5404,47,88,75,4),(5405,47,89,92,4),(5406,47,90,90,4),(5407,47,91,84,4),(5408,47,92,87,4),(5409,47,77,80,5),(5410,47,82,80,5),(5411,47,85,72,5),(5412,47,89,90,5),(5413,47,72,88,6),(5414,47,73,88,6),(5415,47,74,81,6),(5416,47,77,81,6),(5417,47,81,83,6),(5418,47,82,88,6),(5419,47,83,83,6),(5420,47,84,77,6),(5421,47,85,77,6),(5422,47,86,81,6),(5423,47,87,84,6),(5424,47,88,81,6),(5425,47,89,83,6),(5426,47,90,81,6),(5427,47,91,84,6),(5428,47,92,73,6),(5429,47,77,83,7),(5430,47,82,83,7),(5431,47,85,92,7),(5432,47,89,91,7),(5433,47,72,92,8),(5434,47,73,89,8),(5435,47,74,82,8),(5436,47,77,88,8),(5437,47,82,92,8),(5438,47,84,77,8),(5439,47,85,77,8),(5440,47,86,86,8),(5441,47,87,72,8),(5442,47,88,82,8),(5443,47,89,86,8),(5444,47,90,74,8),(5445,47,91,74,8),(5446,47,92,82,8),(5447,47,77,84,9),(5448,47,85,84,9),(5449,47,89,84,9),(5450,47,72,85,10),(5451,47,73,88,10),(5452,47,74,85,10),(5453,47,77,85,10),(5454,47,85,85,10),(5455,47,86,89,10),(5456,47,87,85,10),(5457,47,88,87,10),(5458,47,89,85,10),(5459,47,90,85,10),(5460,47,91,91,10),(5461,47,92,85,10),(5462,47,77,86,11),(5463,47,89,86,11),(5464,47,72,87,12),(5465,47,73,87,12),(5466,47,74,87,12),(5467,47,77,90,12),(5468,47,87,77,12),(5469,47,88,87,12),(5470,47,89,90,12),(5471,47,90,77,12),(5472,47,91,87,12),(5473,47,92,72,12),(5474,47,77,88,13),(5475,47,89,92,13),(5476,47,72,89,14),(5477,47,73,89,14),(5478,47,74,89,14),(5479,47,77,77,14),(5480,47,89,89,14),(5481,47,90,89,14),(5482,47,91,90,14),(5483,47,92,73,14),(5484,47,77,90,15),(5485,47,72,91,16),(5486,47,73,73,16),(5487,47,74,91,16),(5488,47,77,91,16),(5489,47,91,91,16),(5490,47,92,91,16),(5491,47,77,92,17),(5492,47,72,72,18),(5493,47,73,72,18),(5494,47,74,72,18),(5495,47,77,72,18),(5496,47,77,73,19),(5497,48,93,97,1),(5498,48,94,99,1),(5499,48,95,96,1),(5500,48,105,96,1),(5501,48,108,102,1),(5502,48,93,105,2),(5503,48,94,105,2),(5504,48,95,110,2),(5505,48,97,93,2),(5506,48,98,101,2),(5507,48,99,94,2),(5508,48,100,99,2),(5509,48,101,106,2),(5510,48,102,104,2),(5511,48,103,106,2),(5512,48,104,100,2),(5513,48,105,113,2),(5514,48,106,109,2),(5515,48,107,105,2),(5516,48,108,102,2),(5517,48,109,109,2),(5518,48,110,97,2),(5519,48,111,94,2),(5520,48,112,98,2),(5521,48,113,109,2),(5522,48,114,113,2),(5523,48,93,100,3),(5524,48,94,109,3),(5525,48,95,110,3),(5526,48,108,97,3),(5527,48,93,110,4),(5528,48,94,103,4),(5529,48,95,98,4),(5530,48,98,106,4),(5531,48,99,112,4),(5532,48,100,113,4),(5533,48,101,107,4),(5534,48,102,93,4),(5535,48,103,107,4),(5536,48,104,114,4),(5537,48,106,93,4),(5538,48,107,113,4),(5539,48,108,94,4),(5540,48,109,99,4),(5541,48,110,106,4),(5542,48,111,110,4),(5543,48,112,93,4),(5544,48,113,94,4),(5545,48,114,106,4),(5546,48,94,99,5),(5547,48,95,102,5),(5548,48,108,104,5),(5549,48,94,109,6),(5550,48,95,102,6),(5551,48,98,100,6),(5552,48,100,94,6),(5553,48,101,101,6),(5554,48,102,106,6),(5555,48,103,109,6),(5556,48,104,106,6),(5557,48,106,107,6),(5558,48,107,110,6),(5559,48,108,102,6),(5560,48,109,110,6),(5561,48,110,108,6),(5562,48,111,108,6),(5563,48,112,109,6),(5564,48,113,98,6),(5565,48,114,110,6),(5566,48,94,98,7),(5567,48,95,98,7),(5568,48,108,113,7),(5569,48,94,111,8),(5570,48,95,100,8),(5571,48,100,100,8),(5572,48,101,100,8),(5573,48,102,113,8),(5574,48,103,100,8),(5575,48,104,100,8),(5576,48,106,108,8),(5577,48,107,107,8),(5578,48,108,110,8),(5579,48,110,110,8),(5580,48,111,100,8),(5581,48,112,111,8),(5582,48,113,108,8),(5583,48,114,112,8),(5584,48,94,101,9),(5585,48,95,101,9),(5586,48,108,106,9),(5587,48,94,102,10),(5588,48,95,102,10),(5589,48,102,106,10),(5590,48,103,106,10),(5591,48,104,102,10),(5592,48,106,94,10),(5593,48,107,106,10),(5594,48,108,111,10),(5595,48,110,107,10),(5596,48,111,102,10),(5597,48,112,102,10),(5598,48,113,103,10),(5599,48,114,114,10),(5600,48,94,110,11),(5601,48,95,103,11),(5602,48,108,103,11),(5603,48,94,106,12),(5604,48,95,107,12),(5605,48,104,94,12),(5606,48,106,107,12),(5607,48,107,112,12),(5608,48,108,104,12),(5609,48,110,95,12),(5610,48,111,104,12),(5611,48,112,110,12),(5612,48,113,104,12),(5613,48,114,104,12),(5614,48,94,110,13),(5615,48,95,106,13),(5616,48,108,110,13),(5617,48,94,106,14),(5618,48,95,106,14),(5619,48,106,106,14),(5620,48,107,94,14),(5621,48,108,114,14),(5622,48,111,106,14),(5623,48,112,106,14),(5624,48,113,106,14),(5625,48,114,111,14),(5626,48,94,107,15),(5627,48,95,111,15),(5628,48,108,107,15),(5629,48,94,108,16),(5630,48,95,94,16),(5631,48,108,108,16),(5632,48,111,108,16),(5633,48,112,108,16),(5634,48,113,94,16),(5635,48,114,108,16),(5636,48,94,111,17),(5637,48,95,111,17),(5638,48,94,112,18),(5639,48,95,112,18),(5640,48,112,114,18),(5641,48,113,112,18),(5642,48,114,112,18),(5643,48,94,113,19),(5644,48,95,113,19),(5645,49,3,14,1),(5646,49,8,6,1),(5647,49,11,10,1),(5648,49,2,10,2),(5649,49,3,12,2),(5650,49,4,12,2),(5651,49,5,11,2),(5652,49,7,12,2),(5653,49,8,5,2),(5654,49,9,9,2),(5655,49,10,9,2),(5656,49,11,9,2),(5657,49,12,5,2),(5658,49,13,7,2),(5659,49,14,7,2),(5660,49,15,15,2),(5661,49,3,10,3),(5662,49,8,10,3),(5663,49,11,10,3),(5664,49,2,2,4),(5665,49,3,7,4),(5666,49,4,3,4),(5667,49,5,11,4),(5668,49,7,4,4),(5669,49,8,4,4),(5670,49,11,7,4),(5671,49,12,3,4),(5672,49,13,11,4),(5673,49,14,11,4),(5674,49,15,8,4),(5675,49,3,7,5),(5676,49,8,7,5),(5677,49,2,12,6),(5678,49,3,4,6),(5679,49,4,2,6),(5680,49,5,14,6),(5681,49,8,2,6),(5682,49,12,8,6),(5683,49,13,12,6),(5684,49,14,12,6),(5685,49,15,13,6),(5686,49,3,4,7),(5687,49,8,13,7),(5688,49,2,14,8),(5689,49,3,13,8),(5690,49,5,8,8),(5691,49,8,8,8),(5692,49,13,8,8),(5693,49,14,5,8),(5694,49,15,13,8),(5695,50,75,83,1),(5696,50,76,83,1),(5697,50,89,85,1),(5698,50,72,73,2),(5699,50,73,86,2),(5700,50,74,77,2),(5701,50,75,73,2),(5702,50,76,77,2),(5703,50,77,92,2),(5704,50,78,78,2),(5705,50,79,85,2),(5706,50,80,79,2),(5707,50,81,79,2),(5708,50,82,78,2),(5709,50,84,76,2),(5710,50,85,76,2),(5711,50,86,80,2),(5712,50,87,84,2),(5713,50,88,77,2),(5714,50,89,86,2),(5715,50,90,84,2),(5716,50,91,84,2),(5717,50,92,73,2),(5718,50,75,72,3),(5719,50,76,77,3),(5720,50,89,77,3),(5721,50,72,80,4),(5722,50,74,84,4),(5723,50,75,78,4),(5724,50,76,89,4),(5725,50,78,90,4),(5726,50,79,84,4),(5727,50,80,80,4),(5728,50,81,72,4),(5729,50,82,78,4),(5730,50,84,75,4),(5731,50,85,85,4),(5732,50,86,92,4),(5733,50,87,78,4),(5734,50,88,78,4),(5735,50,89,90,4),(5736,50,90,74,4),(5737,50,91,84,4),(5738,50,92,84,4),(5739,50,75,84,5),(5740,50,76,86,5),(5741,50,89,90,5),(5742,50,72,74,6),(5743,50,74,80,6),(5744,50,75,89,6),(5745,50,76,79,6),(5746,50,79,86,6),(5747,50,80,80,6),(5748,50,81,89,6),(5749,50,82,81,6),(5750,50,85,89,6),(5751,50,86,76,6),(5752,50,87,87,6),(5753,50,88,90,6),(5754,50,89,76,6),(5755,50,90,92,6),(5756,50,91,92,6),(5757,50,92,90,6),(5758,50,75,82,7),(5759,50,76,85,7),(5760,50,72,81,8),(5761,50,74,75,8),(5762,50,75,85,8),(5763,50,76,85,8),(5764,50,79,90,8),(5765,50,80,79,8),(5766,50,81,74,8),(5767,50,85,85,8),(5768,50,86,74,8),(5769,50,87,79,8),(5770,50,88,81,8),(5771,50,90,79,8),(5772,50,91,92,8),(5773,50,92,72,8),(5774,50,75,85,9),(5775,50,76,85,9),(5776,50,72,86,10),(5777,50,74,72,10),(5778,50,75,87,10),(5779,50,76,80,10),(5780,50,80,92,10),(5781,50,81,80,10),(5782,50,86,80,10),(5783,50,87,80,10),(5784,50,88,80,10),(5785,50,90,76,10),(5786,50,91,86,10),(5787,50,92,86,10),(5788,50,75,81,11),(5789,50,76,86,11),(5790,50,72,86,12),(5791,50,74,92,12),(5792,50,75,91,12),(5793,50,76,86,12),(5794,50,86,90,12),(5795,50,87,88,12),(5796,50,88,86,12),(5797,50,90,86,12),(5798,50,91,86,12),(5799,50,92,86,12),(5800,50,75,74,13),(5801,50,76,92,13),(5802,50,72,75,14),(5803,50,75,87,14),(5804,50,76,87,14),(5805,50,87,75,14),(5806,50,88,87,14),(5807,50,90,87,14),(5808,50,91,88,14),(5809,50,92,87,14),(5810,50,75,88,15),(5811,50,76,88,15),(5812,50,72,90,16),(5813,50,75,75,16),(5814,50,76,90,16),(5815,50,90,75,16),(5816,50,91,75,16),(5817,50,92,90,16),(5818,51,93,114,1),(5819,51,97,106,1),(5820,51,105,99,1),(5821,51,110,102,1),(5822,51,111,103,1),(5823,51,113,94,1),(5824,51,93,103,2),(5825,51,95,102,2),(5826,51,96,113,2),(5827,51,97,99,2),(5828,51,98,96,2),(5829,51,99,104,2),(5830,51,100,100,2),(5831,51,101,104,2),(5832,51,102,101,2),(5833,51,103,98,2),(5834,51,104,95,2),(5835,51,105,107,2),(5836,51,106,101,2),(5837,51,107,105,2),(5838,51,108,112,2),(5839,51,109,102,2),(5840,51,110,106,2),(5841,51,111,101,2),(5842,51,112,95,2),(5843,51,113,95,2),(5844,51,114,96,2),(5845,51,93,96,3),(5846,51,97,109,3),(5847,51,105,98,3),(5848,51,110,96,3),(5849,51,111,96,3),(5850,51,113,108,3),(5851,51,93,111,4),(5852,51,97,104,4),(5853,51,98,110,4),(5854,51,99,114,4),(5855,51,100,104,4),(5856,51,101,97,4),(5857,51,102,106,4),(5858,51,103,100,4),(5859,51,104,99,4),(5860,51,105,108,4),(5861,51,106,101,4),(5862,51,107,101,4),(5863,51,108,97,4),(5864,51,109,112,4),(5865,51,110,97,4),(5866,51,111,101,4),(5867,51,112,106,4),(5868,51,113,105,4),(5869,51,114,109,4),(5870,51,93,98,5),(5871,51,105,100,5),(5872,51,110,98,5),(5873,51,111,112,5),(5874,51,113,114,5),(5875,51,93,99,6),(5876,51,99,99,6),(5877,51,100,113,6),(5878,51,101,99,6),(5879,51,102,102,6),(5880,51,103,100,6),(5881,51,104,100,6),(5882,51,105,114,6),(5883,51,106,105,6),(5884,51,107,104,6),(5885,51,108,99,6),(5886,51,109,112,6),(5887,51,110,93,6),(5888,51,111,110,6),(5889,51,112,108,6),(5890,51,113,99,6),(5891,51,114,113,6),(5892,51,93,103,7),(5893,51,105,108,7),(5894,51,110,101,7),(5895,51,111,100,7),(5896,51,113,106,7),(5897,51,93,105,8),(5898,51,101,103,8),(5899,51,102,107,8),(5900,51,103,109,8),(5901,51,104,101,8),(5902,51,105,101,8),(5903,51,106,101,8),(5904,51,107,101,8),(5905,51,108,105,8),(5906,51,109,114,8),(5907,51,110,101,8),(5908,51,111,101,8),(5909,51,112,112,8),(5910,51,113,103,8),(5911,51,114,101,8),(5912,51,93,112,9),(5913,51,105,102,9),(5914,51,110,102,9),(5915,51,111,114,9),(5916,51,113,112,9),(5917,51,93,111,10),(5918,51,103,114,10),(5919,51,104,103,10),(5920,51,105,107,10),(5921,51,106,106,10),(5922,51,107,114,10),(5923,51,108,103,10),(5924,51,109,103,10),(5925,51,110,112,10),(5926,51,111,103,10),(5927,51,112,103,10),(5928,51,113,106,10),(5929,51,114,103,10),(5930,51,93,104,11),(5931,51,105,114,11),(5932,51,110,106,11),(5933,51,111,114,11),(5934,51,113,109,11),(5935,51,93,104,12),(5936,51,104,109,12),(5937,51,105,105,12),(5938,51,106,104,12),(5939,51,107,104,12),(5940,51,108,93,12),(5941,51,109,104,12),(5942,51,110,104,12),(5943,51,111,104,12),(5944,51,112,106,12),(5945,51,113,104,12),(5946,51,93,106,13),(5947,51,105,106,13),(5948,51,110,106,13),(5949,51,111,106,13),(5950,51,113,106,13),(5951,51,93,110,14),(5952,51,105,108,14),(5953,51,107,105,14),(5954,51,108,110,14),(5955,51,109,112,14),(5956,51,110,93,14),(5957,51,111,105,14),(5958,51,112,105,14),(5959,51,113,113,14),(5960,51,93,107,15),(5961,51,110,107,15),(5962,51,111,112,15),(5963,51,113,107,15),(5964,51,93,108,16),(5965,51,108,111,16),(5966,51,109,108,16),(5967,51,110,112,16),(5968,51,111,108,16),(5969,51,112,110,16),(5970,51,113,108,16),(5971,51,93,109,17),(5972,51,110,112,17),(5973,51,111,112,17),(5974,51,113,112,17),(5975,52,5,8,1),(5976,52,9,13,1),(5977,52,11,10,1),(5978,52,12,4,1),(5979,52,14,6,1),(5980,52,2,8,2),(5981,52,3,14,2),(5982,52,5,14,2),(5983,52,6,7,2),(5984,52,7,15,2),(5985,52,8,9,2),(5986,52,9,15,2),(5987,52,10,8,2),(5988,52,11,12,2),(5989,52,12,6,2),(5990,52,13,3,2),(5991,52,14,14,2),(5992,52,15,10,2),(5993,52,5,15,3),(5994,52,9,13,3),(5995,52,11,13,3),(5996,52,12,15,3),(5997,52,2,2,4),(5998,52,3,15,4),(5999,52,5,5,4),(6000,52,6,5,4),(6001,52,7,2,4),(6002,52,8,15,4),(6003,52,9,15,4),(6004,52,10,5,4),(6005,52,11,9,4),(6006,52,12,6,4),(6007,52,15,5,4),(6008,52,9,6,5),(6009,52,11,3,5),(6010,52,12,10,5),(6011,52,2,10,6),(6012,52,6,15,6),(6013,52,7,6,6),(6014,52,8,6,6),(6015,52,9,10,6),(6016,52,10,8,6),(6017,52,11,6,6),(6018,52,12,15,6),(6019,52,15,6,6),(6020,52,9,15,7),(6021,52,11,7,7),(6022,52,12,15,7),(6023,52,2,2,8),(6024,52,7,10,8),(6025,52,8,7,8),(6026,52,9,10,8),(6027,52,10,11,8),(6028,52,11,10,8),(6029,52,12,2,8),(6030,52,9,2,9),(6031,52,11,2,9),(6032,52,12,7,9),(6033,52,7,7,10),(6034,52,8,8,10),(6035,52,9,7,10),(6036,52,11,7,10),(6037,52,12,7,10),(6038,52,9,8,11),(6039,52,11,8,11),(6040,52,12,8,11),(6041,53,73,88,1),(6042,53,74,72,1),(6043,53,79,75,1),(6044,53,82,86,1),(6045,53,73,77,2),(6046,53,74,89,2),(6047,53,75,76,2),(6048,53,76,76,2),(6049,53,77,82,2),(6050,53,78,85,2),(6051,53,79,84,2),(6052,53,80,74,2),(6053,53,81,91,2),(6054,53,82,80,2),(6055,53,83,79,2),(6056,53,84,73,2),(6057,53,85,90,2),(6058,53,86,82,2),(6059,53,87,80,2),(6060,53,88,91,2),(6061,53,89,77,2),(6062,53,90,83,2),(6063,53,91,73,2),(6064,53,92,89,2),(6065,53,74,81,3),(6066,53,79,83,3),(6067,53,82,80,3),(6068,53,74,75,4),(6069,53,75,87,4),(6070,53,76,76,4),(6071,53,77,76,4),(6072,53,78,78,4),(6073,53,79,81,4),(6074,53,81,87,4),(6075,53,82,74,4),(6076,53,83,81,4),(6077,53,84,89,4),(6078,53,85,84,4),(6079,53,86,88,4),(6080,53,87,78,4),(6081,53,88,74,4),(6082,53,89,85,4),(6083,53,90,82,4),(6084,53,91,86,4),(6085,53,92,79,4),(6086,53,79,85,5),(6087,53,82,75,5),(6088,53,76,91,6),(6089,53,77,79,6),(6090,53,78,89,6),(6091,53,79,76,6),(6092,53,81,82,6),(6093,53,82,76,6),(6094,53,83,87,6),(6095,53,84,89,6),(6096,53,85,78,6),(6097,53,86,81,6),(6098,53,87,82,6),(6099,53,88,76,6),(6100,53,89,85,6),(6101,53,90,92,6),(6102,53,91,76,6),(6103,53,92,88,6),(6104,53,79,77,7),(6105,53,82,92,7),(6106,53,78,92,8),(6107,53,79,86,8),(6108,53,81,86,8),(6109,53,82,78,8),(6110,53,83,78,8),(6111,53,84,92,8),(6112,53,85,86,8),(6113,53,86,90,8),(6114,53,87,78,8),(6115,53,88,78,8),(6116,53,89,78,8),(6117,53,90,78,8),(6118,53,91,78,8),(6119,53,92,90,8),(6120,53,79,81,9),(6121,53,82,86,9),(6122,53,79,89,10),(6123,53,82,79,10),(6124,53,83,89,10),(6125,53,84,89,10),(6126,53,85,79,10),(6127,53,86,79,10),(6128,53,87,85,10),(6129,53,88,79,10),(6130,53,89,85,10),(6131,53,90,82,10),(6132,53,91,91,10),(6133,53,92,79,10),(6134,54,98,99,1),(6135,54,100,106,1),(6136,54,103,99,1),(6137,54,93,100,2),(6138,54,94,95,2),(6139,54,95,93,2),(6140,54,96,114,2),(6141,54,97,109,2),(6142,54,98,102,2),(6143,54,100,103,2),(6144,54,101,103,2),(6145,54,102,111,2),(6146,54,103,102,2),(6147,54,104,108,2),(6148,54,105,101,2),(6149,54,106,101,2),(6150,54,107,98,2),(6151,54,108,98,2),(6152,54,109,94,2),(6153,54,110,110,2),(6154,54,111,111,2),(6155,54,112,100,2),(6156,54,113,102,2),(6157,54,114,114,2),(6158,54,98,108,3),(6159,54,100,104,3),(6160,54,103,111,3),(6161,54,93,100,4),(6162,54,94,96,4),(6163,54,95,112,4),(6164,54,96,105,4),(6165,54,97,110,4),(6166,54,98,106,4),(6167,54,100,100,4),(6168,54,101,114,4),(6169,54,103,101,4),(6170,54,105,100,4),(6171,54,106,97,4),(6172,54,107,110,4),(6173,54,108,112,4),(6174,54,109,95,4),(6175,54,110,112,4),(6176,54,111,106,4),(6177,54,112,112,4),(6178,54,113,109,4),(6179,54,114,100,4),(6180,54,98,105,5),(6181,54,103,111,5),(6182,54,93,96,6),(6183,54,94,110,6),(6184,54,95,103,6),(6185,54,96,106,6),(6186,54,97,94,6),(6187,54,98,94,6),(6188,54,101,111,6),(6189,54,103,114,6),(6190,54,106,93,6),(6191,54,107,107,6),(6192,54,108,113,6),(6193,54,109,95,6),(6194,54,110,101,6),(6195,54,111,103,6),(6196,54,112,112,6),(6197,54,113,96,6),(6198,54,114,111,6),(6199,54,98,107,7),(6200,54,103,97,7),(6201,54,93,95,8),(6202,54,95,113,8),(6203,54,96,103,8),(6204,54,98,107,8),(6205,54,101,95,8),(6206,54,103,93,8),(6207,54,106,114,8),(6208,54,107,98,8),(6209,54,108,112,8),(6210,54,109,103,8),(6211,54,110,96,8),(6212,54,111,101,8),(6213,54,112,109,8),(6214,54,113,111,8),(6215,54,114,98,8),(6216,54,98,101,9),(6217,54,103,112,9),(6218,54,93,111,10),(6219,54,96,103,10),(6220,54,98,106,10),(6221,54,103,98,10),(6222,54,106,113,10),(6223,54,107,98,10),(6224,54,108,93,10),(6225,54,109,103,10),(6226,54,110,106,10),(6227,54,111,103,10),(6228,54,112,107,10),(6229,54,113,109,10),(6230,54,114,108,10),(6231,55,3,4,1),(6232,55,11,2,1),(6233,55,3,5,2),(6234,55,4,4,2),(6235,55,5,15,2),(6236,55,6,4,2),(6237,55,7,11,2),(6238,55,8,14,2),(6239,55,9,5,2),(6240,55,10,5,2),(6241,55,11,12,2),(6242,55,12,12,2),(6243,55,13,7,2),(6244,55,14,4,2),(6245,55,15,9,2),(6246,55,3,5,3),(6247,55,11,5,3),(6248,55,3,13,4),(6249,55,6,11,4),(6250,55,7,8,4),(6251,55,8,9,4),(6252,55,9,6,4),(6253,55,10,3,4),(6254,55,11,6,4),(6255,55,12,15,4),(6256,55,13,3,4),(6257,55,14,13,4),(6258,55,15,3,4),(6259,56,72,88,1),(6260,56,75,77,1),(6261,56,78,91,1),(6262,56,86,73,1),(6263,56,87,84,1),(6264,56,89,82,1),(6265,56,72,90,2),(6266,56,74,81,2),(6267,56,75,89,2),(6268,56,76,89,2),(6269,56,77,74,2),(6270,56,78,84,2),(6271,56,79,82,2),(6272,56,80,88,2),(6273,56,81,81,2),(6274,56,82,92,2),(6275,56,83,74,2),(6276,56,84,86,2),(6277,56,85,86,2),(6278,56,86,87,2),(6279,56,87,82,2),(6280,56,88,92,2),(6281,56,89,89,2),(6282,56,90,75,2),(6283,56,91,85,2),(6284,56,92,77,2),(6285,56,72,90,3),(6286,56,75,88,3),(6287,56,78,80,3),(6288,56,86,74,3),(6289,56,87,84,3),(6290,56,72,75,4),(6291,56,75,86,4),(6292,56,76,78,4),(6293,56,77,75,4),(6294,56,78,85,4),(6295,56,79,83,4),(6296,56,80,84,4),(6297,56,81,90,4),(6298,56,82,91,4),(6299,56,83,76,4),(6300,56,84,75,4),(6301,56,85,87,4),(6302,56,86,90,4),(6303,56,87,78,4),(6304,56,88,90,4),(6305,56,90,88,4),(6306,56,91,80,4),(6307,56,92,84,4),(6308,56,72,79,5),(6309,56,78,82,5),(6310,56,86,81,5),(6311,56,87,84,5),(6312,56,72,88,6),(6313,56,76,78,6),(6314,56,77,77,6),(6315,56,78,90,6),(6316,56,80,77,6),(6317,56,81,76,6),(6318,56,82,76,6),(6319,56,83,77,6),(6320,56,84,76,6),(6321,56,85,83,6),(6322,56,86,92,6),(6323,56,87,80,6),(6324,56,88,78,6),(6325,56,90,86,6),(6326,56,91,76,6),(6327,56,92,86,6),(6328,56,72,80,7),(6329,56,78,77,7),(6330,56,86,91,7),(6331,56,87,77,7),(6332,56,72,86,8),(6333,56,78,92,8),(6334,56,80,80,8),(6335,56,81,80,8),(6336,56,82,81,8),(6337,56,83,87,8),(6338,56,84,78,8),(6339,56,85,90,8),(6340,56,86,88,8),(6341,56,87,81,8),(6342,56,88,78,8),(6343,56,90,78,8),(6344,56,91,78,8),(6345,56,92,92,8),(6346,56,72,80,9),(6347,56,86,80,9),(6348,56,87,88,9),(6349,56,72,81,10),(6350,56,81,81,10),(6351,56,82,81,10),(6352,56,83,81,10),(6353,56,84,82,10),(6354,56,85,91,10),(6355,56,86,72,10),(6356,56,87,88,10),(6357,56,88,81,10),(6358,56,90,85,10),(6359,56,91,86,10),(6360,56,92,88,10),(6361,56,72,82,11),(6362,56,86,88,11),(6363,56,87,82,11),(6364,56,72,91,12),(6365,56,83,83,12),(6366,56,84,83,12),(6367,56,85,83,12),(6368,56,86,85,12),(6369,56,87,83,12),(6370,56,88,90,12),(6371,56,90,83,12),(6372,56,91,83,12),(6373,56,92,91,12),(6374,56,72,84,13),(6375,56,86,92,13),(6376,56,87,84,13),(6377,56,72,88,14),(6378,56,85,86,14),(6379,56,86,85,14),(6380,56,87,85,14),(6381,56,88,85,14),(6382,56,90,92,14),(6383,56,91,88,14),(6384,56,92,85,14),(6385,56,72,88,15),(6386,56,86,88,15),(6387,56,87,88,15),(6388,56,72,86,16),(6389,56,86,86,16),(6390,56,87,86,16),(6391,56,90,86,16),(6392,56,91,92,16),(6393,56,92,90,16),(6394,56,72,90,17),(6395,56,87,90,17),(6396,56,72,87,18),(6397,56,87,87,18),(6398,56,91,87,18),(6399,56,92,91,18),(6400,57,93,103,1),(6401,57,98,94,1),(6402,57,104,105,1),(6403,57,106,107,1),(6404,57,93,111,2),(6405,57,95,99,2),(6406,57,96,99,2),(6407,57,97,106,2),(6408,57,98,101,2),(6409,57,99,104,2),(6410,57,100,107,2),(6411,57,101,107,2),(6412,57,102,96,2),(6413,57,103,108,2),(6414,57,104,113,2),(6415,57,105,109,2),(6416,57,106,113,2),(6417,57,107,96,2),(6418,57,108,99,2),(6419,57,109,108,2),(6420,57,110,98,2),(6421,57,111,113,2),(6422,57,112,113,2),(6423,57,113,111,2),(6424,57,114,112,2),(6425,57,93,97,3),(6426,57,98,114,3),(6427,57,104,95,3),(6428,57,106,110,3),(6429,57,93,109,4),(6430,57,96,114,4),(6431,57,97,103,4),(6432,57,98,112,4),(6433,57,99,96,4),(6434,57,100,103,4),(6435,57,101,101,4),(6436,57,102,106,4),(6437,57,103,93,4),(6438,57,104,100,4),(6439,57,105,109,4),(6440,57,106,96,4),(6441,57,107,98,4),(6442,57,108,96,4),(6443,57,109,111,4),(6444,57,110,97,4),(6445,57,111,110,4),(6446,57,112,114,4),(6447,57,114,110,4),(6448,57,93,103,5),(6449,57,98,108,5),(6450,57,104,99,5),(6451,57,106,97,5),(6452,57,93,100,6),(6453,57,98,98,6),(6454,57,99,102,6),(6455,57,100,100,6),(6456,57,101,107,6),(6457,57,102,102,6),(6458,57,103,111,6),(6459,57,104,103,6),(6460,57,105,102,6),(6461,57,106,106,6),(6462,57,107,107,6),(6463,57,108,114,6),(6464,57,109,93,6),(6465,57,110,105,6),(6466,57,111,98,6),(6467,57,112,106,6),(6468,57,114,98,6),(6469,57,93,103,7),(6470,57,104,102,7),(6471,57,106,114,7),(6472,57,93,106,8),(6473,57,99,109,8),(6474,57,100,99,8),(6475,57,101,112,8),(6476,57,103,111,8),(6477,57,104,100,8),(6478,57,105,112,8),(6479,57,106,104,8),(6480,57,107,99,8),(6481,57,108,112,8),(6482,57,109,103,8),(6483,57,110,114,8),(6484,57,111,93,8),(6485,57,112,114,8),(6486,57,114,111,8),(6487,57,93,99,9),(6488,57,104,99,9),(6489,57,106,103,9),(6490,57,93,108,10),(6491,57,100,100,10),(6492,57,101,114,10),(6493,57,103,100,10),(6494,57,104,107,10),(6495,57,105,100,10),(6496,57,106,114,10),(6497,57,107,100,10),(6498,57,108,103,10),(6499,57,109,103,10),(6500,57,110,100,10),(6501,57,111,100,10),(6502,57,114,101,10),(6503,57,93,101,11),(6504,57,104,114,11),(6505,57,106,114,11),(6506,57,93,105,12),(6507,57,101,93,12),(6508,57,103,106,12),(6509,57,104,109,12),(6510,57,105,101,12),(6511,57,106,105,12),(6512,57,107,101,12),(6513,57,108,107,12),(6514,57,109,101,12),(6515,57,110,106,12),(6516,57,111,111,12),(6517,57,93,105,13),(6518,57,104,103,13),(6519,57,106,103,13),(6520,57,93,106,14),(6521,57,104,104,14),(6522,57,105,109,14),(6523,57,106,108,14),(6524,57,107,93,14),(6525,57,108,111,14),(6526,57,109,107,14),(6527,57,110,104,14),(6528,57,111,104,14),(6529,57,93,107,15),(6530,57,106,105,15),(6531,57,93,106,16),(6532,57,106,93,16),(6533,57,107,106,16),(6534,57,108,93,16),(6535,57,109,106,16),(6536,57,110,106,16),(6537,57,111,93,16),(6538,59,72,77,1),(6539,59,73,78,1),(6540,59,74,77,1),(6541,59,75,81,1),(6542,59,76,78,1),(6543,59,79,86,1),(6544,59,84,80,1),(6545,59,85,91,1),(6546,59,89,87,1),(6547,59,90,77,1),(6548,59,72,79,2),(6549,59,73,80,2),(6550,59,74,84,2),(6551,59,75,78,2),(6552,59,76,91,2),(6553,59,78,80,2),(6554,59,79,78,2),(6555,59,80,91,2),(6556,59,81,86,2),(6557,59,82,91,2),(6558,59,83,82,2),(6559,59,84,78,2),(6560,59,85,88,2),(6561,59,86,73,2),(6562,59,87,74,2),(6563,59,88,86,2),(6564,59,89,76,2),(6565,59,90,79,2),(6566,59,91,88,2),(6567,59,92,76,2),(6568,59,72,80,3),(6569,59,73,80,3),(6570,59,74,82,3),(6571,59,75,92,3),(6572,59,76,86,3),(6573,59,79,91,3),(6574,59,84,81,3),(6575,59,85,80,3),(6576,59,89,91,3),(6577,59,90,86,3),(6578,59,72,79,4),(6579,59,73,83,4),(6580,59,74,72,4),(6581,59,75,90,4),(6582,59,76,81,4),(6583,59,79,83,4),(6584,59,81,75,4),(6585,59,82,75,4),(6586,59,83,84,4),(6587,59,84,73,4),(6588,59,85,92,4),(6589,59,86,91,4),(6590,59,87,90,4),(6591,59,88,89,4),(6592,59,89,91,4),(6593,59,90,81,4),(6594,59,91,89,4),(6595,59,92,81,4),(6596,59,72,82,5),(6597,59,73,91,5),(6598,59,74,91,5),(6599,59,75,86,5),(6600,59,76,82,5),(6601,59,79,82,5),(6602,59,84,86,5),(6603,59,85,82,5),(6604,59,89,82,5),(6605,59,90,82,5),(6606,59,72,84,6),(6607,59,73,79,6),(6608,59,74,86,6),(6609,59,75,83,6),(6610,59,76,79,6),(6611,59,79,76,6),(6612,59,83,83,6),(6613,59,84,83,6),(6614,59,85,79,6),(6615,59,86,92,6),(6616,59,87,79,6),(6617,59,88,79,6),(6618,59,89,92,6),(6619,59,90,79,6),(6620,59,91,79,6),(6621,59,92,76,6),(6622,59,72,86,7),(6623,59,73,83,7),(6624,59,74,91,7),(6625,59,75,83,7),(6626,59,76,86,7),(6627,59,84,83,7),(6628,59,85,83,7),(6629,59,89,83,7),(6630,59,90,91,7),(6631,59,72,84,8),(6632,59,73,84,8),(6633,59,74,84,8),(6634,59,75,73,8),(6635,59,76,92,8),(6636,59,84,84,8),(6637,59,85,84,8),(6638,59,86,84,8),(6639,59,87,84,8),(6640,59,88,89,8),(6641,59,89,86,8),(6642,59,90,90,8),(6643,59,91,76,8),(6644,59,92,74,8),(6645,59,72,86,9),(6646,59,73,86,9),(6647,59,74,86,9),(6648,59,75,86,9),(6649,59,76,91,9),(6650,59,85,86,9),(6651,59,89,88,9),(6652,59,90,86,9),(6653,59,72,76,10),(6654,59,73,85,10),(6655,59,74,92,10),(6656,59,75,88,10),(6657,59,76,75,10),(6658,59,85,85,10),(6659,59,87,85,10),(6660,59,88,91,10),(6661,59,89,85,10),(6662,59,90,85,10),(6663,59,91,85,10),(6664,59,92,85,10),(6665,59,72,91,11),(6666,59,73,91,11),(6667,59,74,87,11),(6668,59,75,92,11),(6669,59,76,87,11),(6670,59,89,91,11),(6671,59,90,91,11),(6672,59,72,87,12),(6673,59,73,92,12),(6674,59,74,87,12),(6675,59,75,87,12),(6676,59,76,87,12),(6677,59,87,87,12),(6678,59,88,87,12),(6679,59,89,87,12),(6680,59,90,87,12),(6681,59,92,87,12),(6682,59,72,88,13),(6683,59,73,88,13),(6684,59,74,92,13),(6685,59,75,88,13),(6686,59,76,88,13),(6687,59,89,92,13),(6688,59,90,88,13),(6689,60,105,103,1),(6690,60,108,97,1),(6691,60,109,106,1),(6692,60,110,98,1),(6693,60,111,104,1),(6694,60,113,112,1),(6695,60,93,94,2),(6696,60,94,105,2),(6697,60,95,102,2),(6698,60,96,104,2),(6699,60,98,98,2),(6700,60,99,107,2),(6701,60,100,100,2),(6702,60,101,107,2),(6703,60,102,111,2),(6704,60,103,100,2),(6705,60,104,98,2),(6706,60,105,95,2),(6707,60,106,110,2),(6708,60,107,100,2),(6709,60,108,105,2),(6710,60,109,98,2),(6711,60,110,101,2),(6712,60,111,112,2),(6713,60,112,100,2),(6714,60,113,98,2),(6715,60,114,94,2),(6716,60,105,99,3),(6717,60,108,114,3),(6718,60,109,93,3),(6719,60,110,114,3),(6720,60,111,99,3),(6721,60,113,99,3),(6722,60,93,106,4),(6723,60,94,100,4),(6724,60,95,106,4),(6725,60,96,104,4),(6726,60,100,100,4),(6727,60,101,95,4),(6728,60,102,107,4),(6729,60,103,96,4),(6730,60,104,96,4),(6731,60,105,93,4),(6732,60,106,96,4),(6733,60,107,100,4),(6734,60,108,103,4),(6735,60,109,107,4),(6736,60,110,109,4),(6737,60,111,103,4),(6738,60,112,100,4),(6739,60,113,109,4),(6740,60,114,114,4),(6741,60,105,103,5),(6742,60,108,101,5),(6743,60,109,112,5),(6744,60,110,96,5),(6745,60,111,96,5),(6746,60,113,106,5),(6747,60,93,101,6),(6748,60,94,111,6),(6749,60,95,103,6),(6750,60,101,95,6),(6751,60,102,108,6),(6752,60,103,111,6),(6753,60,104,101,6),(6754,60,105,101,6),(6755,60,106,108,6),(6756,60,107,107,6),(6757,60,108,112,6),(6758,60,109,110,6),(6759,60,110,101,6),(6760,60,111,112,6),(6761,60,112,111,6),(6762,60,113,95,6),(6763,60,114,94,6),(6764,60,105,94,7),(6765,60,108,102,7),(6766,60,109,102,7),(6767,60,110,94,7),(6768,60,111,106,7),(6769,60,113,103,7),(6770,60,93,102,8),(6771,60,95,106,8),(6772,60,102,93,8),(6773,60,103,103,8),(6774,60,104,95,8),(6775,60,105,104,8),(6776,60,106,105,8),(6777,60,107,113,8),(6778,60,108,103,8),(6779,60,109,102,8),(6780,60,110,114,8),(6781,60,111,102,8),(6782,60,112,102,8),(6783,60,113,113,8),(6784,60,114,102,8),(6785,60,105,112,9),(6786,60,108,95,9),(6787,60,109,103,9),(6788,60,110,112,9),(6789,60,111,95,9),(6790,60,113,103,9),(6791,60,93,103,10),(6792,60,103,103,10),(6793,60,104,103,10),(6794,60,105,108,10),(6795,60,106,106,10),(6796,60,107,112,10),(6797,60,108,110,10),(6798,60,109,106,10),(6799,60,110,109,10),(6800,60,111,114,10),(6801,60,112,103,10),(6802,60,113,103,10),(6803,60,114,106,10),(6804,60,105,114,11),(6805,60,108,114,11),(6806,60,109,112,11),(6807,60,110,104,11),(6808,60,111,104,11),(6809,60,113,104,11),(6810,60,93,105,12),(6811,60,105,105,12),(6812,60,106,105,12),(6813,60,107,113,12),(6814,60,108,111,12),(6815,60,109,105,12),(6816,60,110,105,12),(6817,60,111,105,12),(6818,60,112,109,12),(6819,60,113,114,12),(6820,60,114,107,12),(6821,60,108,106,13),(6822,60,109,106,13),(6823,60,110,106,13),(6824,60,111,112,13),(6825,60,113,112,13),(6826,60,93,107,14),(6827,60,107,108,14),(6828,60,108,107,14),(6829,60,109,107,14),(6830,60,110,107,14),(6831,60,111,107,14),(6832,60,112,112,14),(6833,60,113,107,14),(6834,60,114,107,14),(6835,60,108,112,15),(6836,60,109,112,15),(6837,60,110,112,15),(6838,60,111,112,15),(6839,60,113,112,15),(6840,60,93,111,16),(6841,60,108,111,16),(6842,60,109,108,16),(6843,60,110,108,16),(6844,60,111,108,16),(6845,60,113,108,16),(6846,60,114,108,16),(6847,60,109,114,17),(6848,60,110,114,17),(6849,60,111,114,17),(6850,60,113,114,17);
/*!40000 ALTER TABLE `games_users_votes` ENABLE KEYS */;
UNLOCK TABLES;

--
-- Table structure for table `messages`
--

DROP TABLE IF EXISTS `messages`;
/*!40101 SET @saved_cs_client     = @@character_set_client */;
/*!50503 SET character_set_client = utf8mb4 */;
CREATE TABLE `messages` (
  `message_id` int(11) NOT NULL AUTO_INCREMENT,
  `message_user_sender` int(11) NOT NULL,
  `message_user_receiver` int(11) DEFAULT NULL,
  `message_content` varchar(500) DEFAULT NULL,
  `message_date` datetime DEFAULT NULL,
  PRIMARY KEY (`message_id`),
  KEY `messages_fk` (`message_user_sender`),
  KEY `messages_fk_1` (`message_user_receiver`),
  CONSTRAINT `messages_fk` FOREIGN KEY (`message_user_sender`) REFERENCES `users` (`user_id`) ON DELETE CASCADE ON UPDATE CASCADE,
  CONSTRAINT `messages_fk_1` FOREIGN KEY (`message_user_receiver`) REFERENCES `users` (`user_id`) ON DELETE CASCADE ON UPDATE CASCADE
) ENGINE=InnoDB AUTO_INCREMENT=1800 DEFAULT CHARSET=latin1;
/*!40101 SET character_set_client = @saved_cs_client */;

--
-- Dumping data for table `messages`
--

LOCK TABLES `messages` WRITE;
/*!40000 ALTER TABLE `messages` DISABLE KEYS */;
INSERT INTO `messages` VALUES (706,80,100,'D\'aquesta nit, JAVIER MAURI no passes :)',NULL),(707,84,9,'M\'aburro',NULL),(708,79,74,'D\'aquesta nit, OSCAR BRAVO no passes :)',NULL),(709,77,12,'En Marc Albareda és el responsable últim que estiguis fent això',NULL),(710,15,6,'Em sembla, estimat amic, que ets un llop',NULL),(711,5,85,'Crec que el que està al teu costat és un llop',NULL),(712,15,104,'Em sembla, estimat amic, que ets un llop',NULL),(713,11,14,'Si em tornes a votar ... no et tornaré a ajudar als examens de Gregorio',NULL),(714,90,112,'Saps YURIC ROMERO, et trobo interesant',NULL),(715,101,105,'Estic fart d\'aquest joc',NULL),(716,101,15,'Estic fart d\'aquest joc',NULL),(717,105,109,'En Marc Albareda és el responsable últim que estiguis fent això',NULL),(718,5,104,'M\'aburro',NULL),(720,111,92,'Hola ... ANDRES QUIROS bona tarda',NULL),(722,11,114,'D\'aquesta nit, LLUIS SERRANO no passes :)','2019-12-06 17:48:33'),(723,7,102,'M\'aburro','2019-12-06 17:48:33'),(724,111,101,'Crec que el que està al teu costat és un llop','2019-12-06 17:48:33'),(725,100,15,'D\'aquesta nit, RAUL PÉREZ no passes :)','2019-12-06 17:48:33'),(726,80,94,'Saps ADRIAN FERRER, et trobo interesant','2019-12-06 17:48:33'),(727,99,84,'Saps ALEJANDRO HERNANDEZ, et trobo interesant','2019-12-06 17:48:33'),(728,10,91,'Hola ... JAUME PUIG bona tarda','2019-12-06 17:48:33'),(729,11,7,'Si em tornes a votar ... no et tornaré a ajudar als examens de Gregorio','2019-12-06 17:48:33'),(730,72,82,'Estic fart d\'aquest joc','2019-12-06 17:48:33'),(731,4,84,'Cuidadito que muerdo','2019-12-06 17:48:33'),(732,13,82,'Saps RAFAEL GONZALEZ, et trobo interesant','2019-12-06 17:48:33'),(733,15,97,'Tinc ganes d\'acabar aquesta feina','2019-12-06 17:48:33'),(734,101,113,'Estic fart d\'aquest joc','2019-12-06 17:48:33'),(735,105,9,'Soy un simple pueblerino, con boina y todo, no me votes más, por tus ...','2019-12-06 17:48:33'),(736,83,93,'Estic fart d\'aquest joc','2019-12-06 17:48:33'),(737,110,73,'Crec que el que està al teu costat és un llop','2019-12-06 17:48:33'),(738,104,76,'D\'aquesta nit, DAVID CLEMENTE no passes :)','2019-12-06 17:48:33'),(739,87,105,'Estic fart d\'aquest joc','2019-12-06 17:48:33'),(740,75,8,'M\'aburro','2019-12-06 17:48:33'),(741,88,80,'Em sembla, estimat amic, que ets un llop','2019-12-06 17:48:33'),(742,90,112,'M\'aburro','2019-12-06 17:48:33'),(743,10,3,'D\'aquesta nit, AARON ABELLÓN no passes :)','2019-12-06 17:48:33'),(744,73,94,'Crec que el que està al teu costat és un llop','2019-12-06 17:48:33'),(745,9,105,'Estic fart d\'aquest joc','2019-12-06 17:48:33'),(746,110,102,'Hola ... ALEJANDRO MONTES bona tarda','2019-12-06 17:48:33'),(747,2,89,'Tinc ganes d\'acabar aquesta feina','2019-12-06 17:48:33'),(748,114,97,'Cuidadito que muerdo','2019-12-06 17:48:33'),(749,88,103,'Tinc ganes d\'acabar aquesta feina','2019-12-06 17:48:33'),(750,105,106,'Si em tornes a votar ... no et tornaré a ajudar als examens de Gregorio','2019-12-06 17:48:33'),(751,87,10,'En Marc Albareda és el responsable últim que estiguis fent això','2019-12-06 17:48:33'),(752,81,78,'Crec que el que està al teu costat és un llop','2019-12-06 17:48:33'),(753,81,2,'En Marc Albareda és el responsable últim que estiguis fent això','2019-12-06 17:48:33'),(754,92,99,'En Marc Albareda és el responsable últim que estiguis fent això','2019-12-06 17:48:33'),(755,96,4,'D\'aquesta nit, JON CAMPAÑA no passes :)','2019-12-06 17:48:33'),(756,114,90,'Si em tornes a votar ... no et tornaré a ajudar als examens de Gregorio','2019-12-06 17:48:33'),(757,6,88,'Saps CARLOS NIETO, et trobo interesant','2019-12-06 17:48:33'),(758,107,4,'Em sembla, estimat amic, que ets un llop','2019-12-06 17:48:33'),(759,90,83,'D\'aquesta nit, ADRIAN GRAGERA no passes :)','2019-12-06 17:48:33'),(760,97,84,'Estic fart d\'aquest joc','2019-12-06 17:48:33'),(761,110,112,'M\'aburro','2019-12-06 17:48:33'),(762,91,78,'En Marc Albareda és el responsable últim que estiguis fent això','2019-12-06 17:48:33'),(763,81,73,'Cuidadito que muerdo','2019-12-06 17:48:33'),(764,94,4,'Em sembla, estimat amic, que ets un llop','2019-12-06 17:48:33'),(765,88,12,'Hola ... IVAN MORENO bona tarda','2019-12-06 17:48:33'),(766,74,105,'Cuidadito que muerdo','2019-12-06 17:48:33'),(767,81,94,'Hola ... ADRIAN FERRER bona tarda','2019-12-06 17:48:33'),(768,94,79,'Hola ... RUBEN ESTEBAN bona tarda','2019-12-06 17:48:33'),(769,5,3,'M\'aburro','2019-12-06 17:48:33'),(770,86,106,'Si em tornes a votar ... no et tornaré a ajudar als examens de Gregorio','2019-12-06 17:48:33'),(771,102,13,'M\'aburro','2019-12-06 17:48:33'),(772,72,99,'Tinc ganes d\'acabar aquesta feina','2019-12-06 17:48:33'),(773,88,12,'Crec que el que està al teu costat és un llop','2019-12-06 17:48:33'),(774,72,82,'Soy un simple pueblerino, con boina y todo, no me votes más, por tus ...','2019-12-06 17:48:33'),(775,94,99,'D\'aquesta nit, ADRIAN MARIN no passes :)','2019-12-06 17:48:33'),(776,10,85,'Si em tornes a votar ... no et tornaré a ajudar als examens de Gregorio','2019-12-06 17:48:33'),(777,72,112,'En Marc Albareda és el responsable últim que estiguis fent això','2019-12-06 17:48:33'),(778,99,13,'Tinc ganes d\'acabar aquesta feina','2019-12-06 17:48:33'),(779,87,110,'Soy un simple pueblerino, con boina y todo, no me votes más, por tus ...','2019-12-06 17:48:33'),(780,113,94,'Tinc ganes d\'acabar aquesta feina','2019-12-06 17:48:33'),(781,96,93,'Estic fart d\'aquest joc','2019-12-06 17:48:33'),(782,114,4,'Hola ... JON CAMPAÑA bona tarda','2019-12-06 17:48:33'),(783,101,13,'Cuidadito que muerdo','2019-12-06 17:48:33'),(784,2,90,'Saps ROGER PUCHOL, et trobo interesant','2019-12-06 17:48:33'),(785,112,113,'Tinc ganes d\'acabar aquesta feina','2019-12-06 17:48:33'),(786,84,97,'Saps DIDAC LLAMAS, et trobo interesant','2019-12-06 17:48:33'),(787,4,107,'Tinc ganes d\'acabar aquesta feina','2019-12-06 17:48:33'),(788,13,109,'Tinc ganes d\'acabar aquesta feina','2019-12-06 17:48:33'),(789,114,99,'En Marc Albareda és el responsable últim que estiguis fent això','2019-12-06 17:48:33'),(790,12,4,'Estic fart d\'aquest joc','2019-12-06 17:48:33'),(791,95,76,'M\'aburro','2019-12-06 17:48:33'),(792,85,104,'Si em tornes a votar ... no et tornaré a ajudar als examens de Gregorio','2019-12-06 17:48:33'),(793,111,105,'En Marc Albareda és el responsable últim que estiguis fent això','2019-12-06 17:48:33'),(794,74,107,'Crec que el que està al teu costat és un llop','2019-12-06 17:48:33'),(795,102,88,'Tinc ganes d\'acabar aquesta feina','2019-12-06 17:48:33'),(796,6,85,'M\'aburro','2019-12-06 17:48:33'),(797,85,101,'Si em tornes a votar ... no et tornaré a ajudar als examens de Gregorio','2019-12-06 17:48:33'),(798,95,89,'Tinc ganes d\'acabar aquesta feina','2019-12-06 17:48:33'),(799,75,100,'Soy un simple pueblerino, con boina y todo, no me votes más, por tus ...','2019-12-06 17:48:33'),(800,104,98,'Te miro y te voto','2019-12-07 11:20:41'),(801,100,73,'Saps OSCAR BORREGO, et trobo interesant','2019-12-07 11:20:41'),(802,13,95,'Si guanyo et passaré la pràctica de Marc o de Gregorio','2019-12-07 11:20:41'),(803,103,95,'Sempre em votes ... ','2019-12-07 11:20:41'),(804,3,95,'Soy un simple pueblerino, con boina y todo, no me votes más, por tus ...','2019-12-07 11:20:41'),(805,74,100,'Si em tornes a votar ... no et tornaré a ajudar als examens de Marc','2019-12-07 11:20:41'),(806,80,2,'D\'aquesta nit, ISMAEL ABBOU no passes :)','2019-12-07 11:20:41'),(807,96,75,'Gregorio i Julian Gregorio, profes de programació, aquests sí que són llops','2019-12-07 11:20:41'),(808,11,99,'Saps ADRIAN MARIN, et trobo interesant','2019-12-07 11:20:41'),(809,110,2,'Sempre em votes ... ','2019-12-07 11:20:41'),(810,107,112,'Si em tornes a votar ... no et tornaré a ajudar als examens de Marc','2019-12-07 11:20:41'),(811,12,4,'Em sembla, estimat amic, que tens un llop al costat dret','2019-12-07 11:20:41'),(812,93,95,'Adeu ... DANIEL FRAILE m\'han matat','2019-12-07 11:20:41'),(813,109,11,'Gregorio i Julian Gregorio, profes de programació, aquests sí que són llops','2019-12-07 11:20:41'),(814,7,10,'Adeu ... POL LÓPEZ m\'han matat','2019-12-07 11:20:41'),(815,11,94,'Marc Albareda, Isabel, Gemma, Elena, profes de programació, aquests sí que són llops','2019-12-07 11:20:41'),(816,87,98,'Si em tornes a votar ... no et tornaré a ajudar als examens de Marc','2019-12-07 11:20:41'),(817,81,13,'D\'aquesta nit, ROGGER ORDÓÑEZ no passes :)','2019-12-07 11:20:41'),(818,91,8,'Si guanyo et passaré la pràctica de Marc o de Gregorio','2019-12-07 11:20:41'),(819,72,94,'Te miro y te voto','2019-12-07 11:20:41'),(820,74,101,'Sempre em votes ... ','2019-12-07 11:20:41'),(821,110,82,'Adeu ... RAFAEL GONZALEZ m\'han matat','2019-12-07 11:20:41'),(822,82,106,'Te miro y te voto','2019-12-07 11:20:41'),(823,87,13,'Soy un simple pueblerino, con boina y todo, no me votes más, por tus ...','2019-12-07 11:20:41'),(824,6,3,'Si em tornes a votar ... no et tornaré a ajudar als examens de Marc','2019-12-07 11:20:41'),(825,101,3,'Soy un simple pueblerino, con boina y todo, no me votes más, por tus ...','2019-12-07 11:20:41'),(826,99,95,'Gregorio i Julian Gregorio, profes de programació, aquests sí que són llops','2019-12-07 11:20:41'),(827,15,83,'Adeu ... ADRIAN GRAGERA m\'han matat','2019-12-07 11:20:41'),(828,91,76,'Sempre em votes ... ','2019-12-07 11:20:41'),(829,98,108,'Saps MARC PEREZ, et trobo interesant','2019-12-07 11:20:41'),(830,81,99,'Sempre em votes ... ','2019-12-07 11:20:41'),(831,91,74,'Gregorio i Julian Gregorio, profes de programació, aquests sí que són llops','2019-12-07 11:20:41'),(832,6,15,'Saps RAUL PÉREZ, et trobo interesant','2019-12-07 11:20:41'),(833,82,108,'Si guanyo et passaré la pràctica de Marc o de Gregorio','2019-12-07 11:20:41'),(834,108,93,'D\'aquesta nit, AMJAD KHAYAT no passes :)','2019-12-07 11:20:41'),(835,94,88,'Soy un simple pueblerino, con boina y todo, no me votes más, por tus ...','2019-12-07 11:20:41'),(836,15,86,'Te miro y te voto','2019-12-07 11:20:41'),(837,113,79,'Marc Albareda, Isabel, Gemma, Elena, profes de programació, aquests sí que són llops','2019-12-07 11:20:41'),(838,88,89,'Si em tornes a votar ... no et tornaré a ajudar als examens de Marc','2019-12-07 11:20:41'),(839,10,74,'Marc Albareda, Isabel, Gemma, Elena, profes de programació, aquests sí que són llops','2019-12-07 11:20:41'),(840,77,89,'Tinc ganes d\'acabar aquesta feina','2019-12-07 11:20:41'),(841,86,97,'Gregorio i Julian Gregorio, profes de programació, aquests sí que són llops','2019-12-07 11:20:41'),(842,97,92,'Gregorio i Julian Gregorio, profes de programació, aquests sí que són llops','2019-12-07 11:20:41'),(843,4,102,'Adeu ... ALEJANDRO MONTES m\'han matat','2019-12-07 11:20:41'),(844,104,77,'Si em tornes a votar ... no et tornaré a ajudar als examens de Marc','2019-12-07 11:20:41'),(845,8,93,'Saps AMJAD KHAYAT, et trobo interesant','2019-12-07 11:20:41'),(846,5,74,'Sempre em votes ... ','2019-12-07 11:20:41'),(847,106,7,'Si guanyo et passaré la pràctica de Marc o de Gregorio','2019-12-07 11:20:41'),(848,83,104,'Tinc ganes d\'acabar aquesta feina','2019-12-07 11:20:41'),(849,85,84,'Saps ALEJANDRO HERNANDEZ, et trobo interesant','2019-12-07 11:20:41'),(850,74,97,'Sempre em votes ... ','2019-12-07 11:20:41'),(851,73,8,'Si guanyo et passaré la pràctica de Marc o de Gregorio','2019-12-07 11:20:41'),(852,2,72,'Marc Albareda, Isabel, Gemma, Elena, profes de programació, aquests sí que són llops','2019-12-07 11:20:41'),(853,99,5,'Marc Albareda, Isabel, Gemma, Elena, profes de programació, aquests sí que són llops','2019-12-07 11:20:41'),(854,4,76,'Tinc ganes d\'acabar aquesta feina','2019-12-07 11:20:41'),(855,81,82,'Te miro y te voto','2019-12-07 11:20:41'),(856,76,99,'Saps ADRIAN MARIN, et trobo interesant','2019-12-07 11:20:41'),(857,78,87,'Adeu ... JOAN MEDINA m\'han matat','2019-12-07 11:20:41'),(858,81,102,'Marc Albareda, Isabel, Gemma, Elena, profes de programació, aquests sí que són llops','2019-12-07 11:20:41'),(859,74,4,'Soy un simple pueblerino, con boina y todo, no me votes más, por tus ...','2019-12-07 11:20:41'),(860,77,7,'Si em tornes a votar ... no et tornaré a ajudar als examens de Marc','2019-12-07 11:20:41'),(861,93,13,'Marc Albareda, Isabel, Gemma, Elena, profes de programació, aquests sí que són llops','2019-12-07 11:20:41'),(862,87,87,'D\'aquesta nit, JOAN MEDINA no passes :)','2019-12-07 11:20:41'),(863,89,110,'D\'aquesta nit, LUIS PORTILLO no passes :)','2019-12-07 11:20:41'),(864,88,7,'Gregorio i Julian Gregorio, profes de programació, aquests sí que són llops','2019-12-07 11:20:41'),(865,91,95,'Sempre em votes ... ','2019-12-07 11:20:41'),(866,85,5,'Gregorio i Julian Gregorio, profes de programació, aquests sí que són llops','2019-12-07 11:20:41'),(867,100,105,'Adeu ... HASSAN NAVEED m\'han matat','2019-12-07 11:20:41'),(868,14,102,'Si em tornes a votar ... no et tornaré a ajudar als examens de Marc','2019-12-07 11:20:41'),(869,109,92,'Sempre em votes ... ','2019-12-07 11:20:41'),(870,75,4,'Si guanyo et passaré la pràctica de Marc o de Gregorio','2019-12-07 11:20:41'),(871,78,11,'Sempre em votes ... ','2019-12-07 11:20:41'),(872,110,86,'Adeu ... ANDREU INVERNON m\'han matat','2019-12-07 11:20:41'),(873,103,83,'Saps ADRIAN GRAGERA, et trobo interesant','2019-12-07 11:20:41'),(874,73,74,'D\'aquesta nit, OSCAR BRAVO no passes :)','2019-12-07 11:20:41'),(875,92,105,'Tinc ganes d\'acabar aquesta feina','2019-12-07 11:20:41'),(876,77,11,'Saps EMILIO MASO, et trobo interesant','2019-12-07 11:20:41'),(877,85,88,'D\'aquesta nit, CARLOS NIETO no passes :)','2019-12-07 11:20:41'),(878,7,12,'Si em tornes a votar ... no et tornaré a ajudar als examens de Marc','2019-12-07 11:20:41'),(879,75,89,'Marc Albareda, Isabel, Gemma, Elena, profes de programació, aquests sí que són llops','2019-12-07 11:20:41'),(880,94,80,'Soy un simple pueblerino, con boina y todo, no me votes más, por tus ...','2019-12-07 11:20:41'),(881,81,104,'Sempre em votes ... ','2019-12-07 11:20:41'),(882,14,81,'Te miro y te voto','2019-12-07 11:20:41'),(883,86,8,'Si em tornes a votar ... no et tornaré a ajudar als examens de Marc','2019-12-07 11:20:41'),(884,113,110,'Si em tornes a votar ... no et tornaré a ajudar als examens de Marc','2019-12-07 11:20:41'),(885,87,99,'Adeu ... ADRIAN MARIN m\'han matat','2019-12-07 11:20:41'),(886,109,88,'Sempre em votes ... ','2019-12-07 11:20:41'),(887,100,95,'Tinc ganes d\'acabar aquesta feina','2019-12-07 11:20:42'),(888,13,12,'Sempre em votes ... ','2019-12-07 11:20:42'),(889,3,88,'Em sembla, estimat amic, que tens un llop al costat dret','2019-12-07 11:20:42'),(890,104,5,'Marc Albareda, Isabel, Gemma, Elena, profes de programació, aquests sí que són llops','2019-12-07 11:20:42'),(891,113,103,'Em sembla, estimat amic, que tens un llop al costat dret','2019-12-07 11:20:42'),(892,91,87,'Si em tornes a votar ... no et tornaré a ajudar als examens de Marc','2019-12-07 11:20:42'),(893,110,96,'Em sembla, estimat amic, que tens un llop al costat dret','2019-12-07 11:20:42'),(894,111,15,'Marc Albareda, Isabel, Gemma, Elena, profes de programació, aquests sí que són llops','2019-12-07 11:20:42'),(895,114,111,'Tinc ganes d\'acabar aquesta feina','2019-12-07 11:20:42'),(896,8,77,'Te miro y te voto','2019-12-07 11:20:42'),(897,108,13,'Te miro y te voto','2019-12-07 11:20:42'),(898,5,5,'Tinc ganes d\'acabar aquesta feina','2019-12-07 11:20:42'),(899,98,6,'Saps JOSE MARIA CIVICO, et trobo interesant','2019-12-07 11:20:42'),(900,109,104,'Si em tornes a votar ... no et tornaré a ajudar als examens de Marc','2019-12-07 11:20:42'),(901,96,97,'Adeu ... DIDAC LLAMAS m\'han matat','2019-12-07 11:20:42'),(902,2,94,'Sempre em votes ... ','2019-12-07 11:20:42'),(903,78,95,'Soy un simple pueblerino, con boina y todo, no me votes más, por tus ...','2019-12-07 11:20:42'),(904,3,6,'Si em tornes a votar ... no et tornaré a ajudar als examens de Marc','2019-12-07 11:20:42'),(905,12,9,'Si guanyo et passaré la pràctica de Marc o de Gregorio','2019-12-07 11:20:42'),(906,76,5,'Marc Albareda, Isabel, Gemma, Elena, profes de programació, aquests sí que són llops','2019-12-07 11:20:42'),(907,97,81,'Sempre em votes ... ','2019-12-07 11:20:42'),(908,113,100,'Si guanyo et passaré la pràctica de Marc o de Gregorio','2019-12-07 11:20:42'),(909,80,91,'Gregorio i Julian Gregorio, profes de programació, aquests sí que són llops','2019-12-07 11:20:42'),(910,112,107,'Te miro y te voto','2019-12-07 11:20:42'),(911,15,74,'Sempre em votes ... ','2019-12-07 11:20:42'),(912,4,2,'Saps ISMAEL ABBOU, et trobo interesant','2019-12-07 11:20:42'),(913,102,5,'Te miro y te voto','2019-12-07 11:20:42'),(914,100,114,'Em sembla, estimat amic, que tens un llop al costat dret','2019-12-07 11:20:42'),(915,6,73,'D\'aquesta nit, OSCAR BORREGO no passes :)','2019-12-07 11:20:42'),(916,8,99,'Saps ADRIAN MARIN, et trobo interesant','2019-12-07 11:20:42'),(917,91,94,'Sempre em votes ... ','2019-12-07 11:20:42'),(918,84,109,'Marc Albareda, Isabel, Gemma, Elena, profes de programació, aquests sí que són llops','2019-12-07 11:20:42'),(919,112,87,'Marc Albareda, Isabel, Gemma, Elena, profes de programació, aquests sí que són llops','2019-12-07 11:20:42'),(920,11,105,'Adeu ... HASSAN NAVEED m\'han matat','2019-12-07 11:20:42'),(921,105,8,'Soy un simple pueblerino, con boina y todo, no me votes más, por tus ...','2019-12-07 11:20:42'),(922,80,72,'Gregorio i Julian Gregorio, profes de programació, aquests sí que són llops','2019-12-07 11:20:42'),(923,85,98,'Sempre em votes ... ','2019-12-07 11:20:42'),(924,88,94,'Si em tornes a votar ... no et tornaré a ajudar als examens de Marc','2019-12-07 11:20:42'),(925,97,7,'Tinc ganes d\'acabar aquesta feina','2019-12-07 11:20:42'),(926,8,100,'Sempre em votes ... ','2019-12-07 11:20:42'),(927,94,84,'Em sembla, estimat amic, que tens un llop al costat dret','2019-12-07 11:20:42'),(928,109,74,'Marc Albareda, Isabel, Gemma, Elena, profes de programació, aquests sí que són llops','2019-12-07 11:20:42'),(929,102,83,'Si guanyo et passaré la pràctica de Marc o de Gregorio','2019-12-07 11:20:42'),(930,96,98,'D\'aquesta nit, ISMAEL LOPEZ no passes :)','2019-12-07 11:20:42'),(931,112,98,'Adeu ... ISMAEL LOPEZ m\'han matat','2019-12-07 11:20:42'),(932,4,81,'Marc Albareda, Isabel, Gemma, Elena, profes de programació, aquests sí que són llops','2019-12-07 11:20:42'),(933,114,111,'Sempre em votes ... ','2019-12-07 11:20:42'),(934,92,90,'Em sembla, estimat amic, que tens un llop al costat dret','2019-12-07 11:20:42'),(935,111,87,'Gregorio i Julian Gregorio, profes de programació, aquests sí que són llops','2019-12-07 11:20:42'),(936,108,102,'Marc Albareda, Isabel, Gemma, Elena, profes de programació, aquests sí que són llops','2019-12-07 11:20:42'),(937,3,10,'Soy un simple pueblerino, con boina y todo, no me votes más, por tus ...','2019-12-07 11:20:42'),(938,76,86,'Soy un simple pueblerino, con boina y todo, no me votes más, por tus ...','2019-12-07 11:20:42'),(939,93,11,'Sempre em votes ... ','2019-12-07 11:20:42'),(940,81,5,'Gregorio i Julian Gregorio, profes de programació, aquests sí que són llops','2019-12-07 11:20:42'),(941,12,102,'Tinc ganes d\'acabar aquesta feina','2019-12-07 11:20:42'),(942,9,82,'Si guanyo et passaré la pràctica de Marc o de Gregorio','2019-12-07 11:20:42'),(943,113,107,'Saps SERGI PELLEJERO, et trobo interesant','2019-12-07 11:20:42'),(944,108,111,'Te miro y te voto','2019-12-07 11:20:42'),(945,87,7,'Saps JARED ESPARZA, et trobo interesant','2019-12-07 11:20:42'),(946,6,74,'Adeu ... OSCAR BRAVO m\'han matat','2019-12-07 11:20:42'),(947,109,75,'Adeu ... ALBERT CIMAS m\'han matat','2019-12-07 11:20:42'),(948,7,101,'Te miro y te voto','2019-12-07 11:20:42'),(949,85,103,'Saps ROGER MORENO, et trobo interesant','2019-12-07 11:20:42'),(950,113,96,'Adeu ... RAUL GODINEZ m\'han matat','2019-12-07 11:20:42'),(951,102,101,'Tinc ganes d\'acabar aquesta feina','2019-12-07 11:20:42'),(952,15,112,'Te miro y te voto','2019-12-07 11:20:42'),(953,6,4,'Soy un simple pueblerino, con boina y todo, no me votes más, por tus ...','2019-12-07 11:20:42'),(954,11,94,'Tinc ganes d\'acabar aquesta feina','2019-12-07 11:20:42'),(955,72,88,'Si em tornes a votar ... no et tornaré a ajudar als examens de Marc','2019-12-07 11:20:42'),(956,97,12,'Soy un simple pueblerino, con boina y todo, no me votes más, por tus ...','2019-12-07 11:20:42'),(957,7,101,'D\'aquesta nit, VICTOR MELO no passes :)','2019-12-07 11:20:42'),(958,11,74,'Gregorio i Julian Gregorio, profes de programació, aquests sí que són llops','2019-12-07 11:20:42'),(959,78,83,'Adeu ... ADRIAN GRAGERA m\'han matat','2019-12-07 11:20:42'),(960,97,11,'Sempre em votes ... ','2019-12-07 11:20:42'),(961,4,93,'Saps AMJAD KHAYAT, et trobo interesant','2019-12-07 11:20:42'),(962,109,5,'Marc Albareda, Isabel, Gemma, Elena, profes de programació, aquests sí que són llops','2019-12-07 11:20:42'),(963,94,82,'Si guanyo et passaré la pràctica de Marc o de Gregorio','2019-12-07 11:20:42'),(964,88,82,'Tinc ganes d\'acabar aquesta feina','2019-12-07 11:20:42'),(965,112,80,'Saps DANIEL GARCIA, et trobo interesant','2019-12-07 11:20:42'),(966,79,79,'Gregorio i Julian Gregorio, profes de programació, aquests sí que són llops','2019-12-07 11:20:42'),(967,103,91,'Saps JAUME PUIG, et trobo interesant','2019-12-07 11:20:42'),(968,15,108,'Tinc ganes d\'acabar aquesta feina','2019-12-07 11:20:42'),(969,109,10,'Si em tornes a votar ... no et tornaré a ajudar als examens de Marc','2019-12-07 11:20:42'),(970,79,77,'D\'aquesta nit, RAUL HERENCIA no passes :)','2019-12-07 11:20:42'),(971,10,106,'Si guanyo et passaré la pràctica de Marc o de Gregorio','2019-12-07 11:20:42'),(972,91,72,'Marc Albareda, Isabel, Gemma, Elena, profes de programació, aquests sí que són llops','2019-12-07 11:20:42'),(973,105,103,'Tinc ganes d\'acabar aquesta feina','2019-12-07 11:20:42'),(974,14,5,'Gregorio i Julian Gregorio, profes de programació, aquests sí que són llops','2019-12-07 11:20:42'),(975,112,78,'D\'aquesta nit, ETHAN ESCRIBA no passes :)','2019-12-07 11:20:42'),(976,76,99,'Tinc ganes d\'acabar aquesta feina','2019-12-07 11:20:42'),(977,100,90,'D\'aquesta nit, ROGER PUCHOL no passes :)','2019-12-07 11:20:42'),(978,74,79,'Adeu ... RUBEN ESTEBAN m\'han matat','2019-12-07 11:20:42'),(979,77,113,'Marc Albareda, Isabel, Gemma, Elena, profes de programació, aquests sí que són llops','2019-12-07 11:20:42'),(980,94,13,'Soy un simple pueblerino, con boina y todo, no me votes más, por tus ...','2019-12-07 11:20:42'),(981,88,12,'Sempre em votes ... ','2019-12-07 11:20:42'),(982,86,92,'Em sembla, estimat amic, que tens un llop al costat dret','2019-12-07 11:20:42'),(983,87,100,'Tinc ganes d\'acabar aquesta feina','2019-12-07 11:20:42'),(984,75,92,'Si em tornes a votar ... no et tornaré a ajudar als examens de Marc','2019-12-07 11:20:42'),(985,105,95,'Tinc ganes d\'acabar aquesta feina','2019-12-07 11:20:42'),(986,76,5,'Sempre em votes ... ','2019-12-07 11:20:42'),(987,82,82,'Si em tornes a votar ... no et tornaré a ajudar als examens de Marc','2019-12-07 11:20:42'),(988,97,100,'Si em tornes a votar ... no et tornaré a ajudar als examens de Marc','2019-12-07 11:20:42'),(989,100,94,'Tinc ganes d\'acabar aquesta feina','2019-12-07 11:20:42'),(990,94,109,'Marc Albareda, Isabel, Gemma, Elena, profes de programació, aquests sí que són llops','2019-12-07 11:20:42'),(991,8,8,'Tinc ganes d\'acabar aquesta feina','2019-12-07 11:20:42'),(992,94,13,'Te miro y te voto','2019-12-07 11:20:42'),(993,83,10,'Adeu ... POL LÓPEZ m\'han matat','2019-12-07 11:20:42'),(994,102,114,'Marc Albareda, Isabel, Gemma, Elena, profes de programació, aquests sí que són llops','2019-12-07 11:20:42'),(995,96,92,'Te miro y te voto','2019-12-07 11:20:42'),(996,2,4,'Si em tornes a votar ... no et tornaré a ajudar als examens de Marc','2019-12-07 11:20:42'),(997,75,107,'Sempre em votes ... ','2019-12-07 11:20:42'),(998,85,83,'Tinc ganes d\'acabar aquesta feina','2019-12-07 11:20:42'),(999,2,11,'Soy un simple pueblerino, con boina y todo, no me votes más, por tus ...','2019-12-07 11:20:42'),(1000,88,7,'Adeu ... JARED ESPARZA m\'han matat','2019-12-07 11:20:42'),(1001,15,105,'Gregorio i Julian Gregorio, profes de programació, aquests sí que són llops','2019-12-07 11:20:42'),(1002,14,109,'Si guanyo et passaré la pràctica de Marc o de Gregorio','2019-12-07 11:20:42'),(1003,86,92,'Marc Albareda, Isabel, Gemma, Elena, profes de programació, aquests sí que són llops','2019-12-07 11:20:42'),(1004,8,73,'Em sembla, estimat amic, que tens un llop al costat dret','2019-12-07 11:20:42'),(1005,8,77,'Gregorio i Julian Gregorio, profes de programació, aquests sí que són llops','2019-12-07 11:20:42'),(1006,74,95,'Adeu ... DANIEL FRAILE m\'han matat','2019-12-07 11:20:42'),(1007,4,2,'Si guanyo et passaré la pràctica de Marc o de Gregorio','2019-12-07 11:20:42'),(1008,97,104,'Em sembla, estimat amic, que tens un llop al costat dret','2019-12-07 11:20:42'),(1009,13,14,'D\'aquesta nit, DIMA PANUS no passes :)','2019-12-07 11:20:42'),(1010,72,2,'Adeu ... ISMAEL ABBOU m\'han matat','2019-12-07 11:20:42'),(1011,73,77,'Marc Albareda, Isabel, Gemma, Elena, profes de programació, aquests sí que són llops','2019-12-07 11:20:42'),(1012,8,98,'Adeu ... ISMAEL LOPEZ m\'han matat','2019-12-07 11:20:42'),(1013,6,5,'Em sembla, estimat amic, que tens un llop al costat dret','2019-12-07 11:20:42'),(1014,10,83,'Soy un simple pueblerino, con boina y todo, no me votes más, por tus ...','2019-12-07 11:20:42'),(1015,112,110,'Si guanyo et passaré la pràctica de Marc o de Gregorio','2019-12-07 11:20:42'),(1016,93,72,'Soy un simple pueblerino, con boina y todo, no me votes más, por tus ...','2019-12-07 11:20:42'),(1017,110,103,'Em sembla, estimat amic, que tens un llop al costat dret','2019-12-07 11:20:42'),(1018,109,80,'Adeu ... DANIEL GARCIA m\'han matat','2019-12-07 11:20:42'),(1019,81,13,'Te miro y te voto','2019-12-07 11:20:42'),(1020,110,77,'Em sembla, estimat amic, que tens un llop al costat dret','2019-12-07 11:20:42'),(1021,15,15,'Te miro y te voto','2019-12-07 11:20:42'),(1022,75,4,'Adeu ... JON CAMPAÑA m\'han matat','2019-12-07 11:20:42'),(1023,4,105,'Soy un simple pueblerino, con boina y todo, no me votes más, por tus ...','2019-12-07 11:20:42'),(1024,93,95,'Si em tornes a votar ... no et tornaré a ajudar als examens de Marc','2019-12-07 11:20:42'),(1025,88,76,'Em sembla, estimat amic, que tens un llop al costat dret','2019-12-07 11:20:42'),(1026,3,101,'Si guanyo et passaré la pràctica de Marc o de Gregorio','2019-12-07 11:20:42'),(1027,8,105,'Saps HASSAN NAVEED, et trobo interesant','2019-12-07 11:20:42'),(1028,96,11,'Si guanyo et passaré la pràctica de Marc o de Gregorio','2019-12-07 11:20:42'),(1029,14,111,'Te miro y te voto','2019-12-07 11:20:42'),(1030,86,94,'D\'aquesta nit, ADRIAN FERRER no passes :)','2019-12-07 11:20:42'),(1031,15,81,'Saps DAVID GIL, et trobo interesant','2019-12-07 11:20:42'),(1032,112,110,'Saps LUIS PORTILLO, et trobo interesant','2019-12-07 11:20:42'),(1033,77,85,'Em sembla, estimat amic, que tens un llop al costat dret','2019-12-07 11:20:42'),(1034,13,98,'D\'aquesta nit, ISMAEL LOPEZ no passes :)','2019-12-07 11:20:42'),(1035,4,85,'Soy un simple pueblerino, con boina y todo, no me votes más, por tus ...','2019-12-07 11:20:42'),(1036,14,76,'Te miro y te voto','2019-12-07 11:20:42'),(1037,10,103,'Em sembla, estimat amic, que tens un llop al costat dret','2019-12-07 11:20:42'),(1038,13,4,'Tinc ganes d\'acabar aquesta feina','2019-12-07 11:20:42'),(1039,74,81,'Gregorio i Julian Gregorio, profes de programació, aquests sí que són llops','2019-12-07 11:20:42'),(1040,15,109,'D\'aquesta nit, ALEX PLADEVALL no passes :)','2019-12-07 11:20:42'),(1041,8,7,'Adeu ... JARED ESPARZA m\'han matat','2019-12-07 11:20:42'),(1042,94,77,'Soy un simple pueblerino, con boina y todo, no me votes más, por tus ...','2019-12-07 11:20:42'),(1043,9,6,'Soy un simple pueblerino, con boina y todo, no me votes más, por tus ...','2019-12-07 11:20:42'),(1044,84,14,'Saps DIMA PANUS, et trobo interesant','2019-12-07 11:20:42'),(1045,13,72,'D\'aquesta nit, ALVARO BARBA no passes :)','2019-12-07 11:20:42'),(1046,6,86,'Adeu ... ANDREU INVERNON m\'han matat','2019-12-07 11:20:42'),(1047,13,106,'Si guanyo et passaré la pràctica de Marc o de Gregorio','2019-12-07 11:20:42'),(1048,94,3,'Soy un simple pueblerino, con boina y todo, no me votes más, por tus ...','2019-12-07 11:20:42'),(1049,92,103,'Saps ROGER MORENO, et trobo interesant','2019-12-07 11:20:42'),(1050,72,95,'D\'aquesta nit, DANIEL FRAILE no passes :)','2019-12-07 11:20:42'),(1051,96,88,'Sempre em votes ... ','2019-12-07 11:20:42'),(1052,90,96,'Sempre em votes ... ','2019-12-07 11:20:42'),(1053,100,93,'Soy un simple pueblerino, con boina y todo, no me votes más, por tus ...','2019-12-07 11:20:42'),(1054,88,9,'Marc Albareda, Isabel, Gemma, Elena, profes de programació, aquests sí que són llops','2019-12-07 11:20:42'),(1055,87,14,'Si em tornes a votar ... no et tornaré a ajudar als examens de Marc','2019-12-07 11:20:42'),(1056,73,89,'Te miro y te voto','2019-12-07 11:20:42'),(1057,94,88,'Te miro y te voto','2019-12-07 11:20:42'),(1058,5,93,'Si em tornes a votar ... no et tornaré a ajudar als examens de Marc','2019-12-07 11:20:42'),(1059,13,80,'Marc Albareda, Isabel, Gemma, Elena, profes de programació, aquests sí que són llops','2019-12-07 11:20:42'),(1060,74,74,'Sempre em votes ... ','2019-12-07 11:20:42'),(1061,109,91,'Em sembla, estimat amic, que tens un llop al costat dret','2019-12-07 11:20:42'),(1062,80,96,'Si guanyo et passaré la pràctica de Marc o de Gregorio','2019-12-07 11:20:42'),(1063,105,91,'Te miro y te voto','2019-12-07 11:20:42'),(1064,3,88,'Soy un simple pueblerino, con boina y todo, no me votes más, por tus ...','2019-12-07 11:20:42'),(1065,94,96,'Adeu ... RAUL GODINEZ m\'han matat','2019-12-07 11:20:42'),(1066,108,80,'Tinc ganes d\'acabar aquesta feina','2019-12-07 11:20:42'),(1067,94,87,'Saps JOAN MEDINA, et trobo interesant','2019-12-07 11:20:42'),(1068,90,78,'D\'aquesta nit, ETHAN ESCRIBA no passes :)','2019-12-07 11:20:42'),(1069,77,99,'Gregorio i Julian Gregorio, profes de programació, aquests sí que són llops','2019-12-07 11:20:42'),(1070,2,82,'Saps RAFAEL GONZALEZ, et trobo interesant','2019-12-07 11:20:42'),(1071,5,109,'Si guanyo et passaré la pràctica de Marc o de Gregorio','2019-12-07 11:20:42'),(1072,110,108,'Saps MARC PEREZ, et trobo interesant','2019-12-07 11:20:42'),(1073,112,96,'Te miro y te voto','2019-12-07 11:20:42'),(1074,6,80,'Tinc ganes d\'acabar aquesta feina','2019-12-07 11:20:42'),(1075,108,111,'Em sembla, estimat amic, que tens un llop al costat dret','2019-12-07 11:20:42'),(1076,4,84,'Si guanyo et passaré la pràctica de Marc o de Gregorio','2019-12-07 11:20:42'),(1077,76,99,'Si em tornes a votar ... no et tornaré a ajudar als examens de Marc','2019-12-07 11:20:42'),(1078,7,100,'Tinc ganes d\'acabar aquesta feina','2019-12-07 11:20:42'),(1079,107,86,'Em sembla, estimat amic, que tens un llop al costat dret','2019-12-07 11:20:42'),(1080,89,15,'Marc Albareda, Isabel, Gemma, Elena, profes de programació, aquests sí que són llops','2019-12-07 11:20:42'),(1081,96,10,'Sempre em votes ... ','2019-12-07 11:20:42'),(1082,100,14,'Gregorio i Julian Gregorio, profes de programació, aquests sí que són llops','2019-12-07 11:20:42'),(1083,106,100,'D\'aquesta nit, JAVIER MAURI no passes :)','2019-12-07 11:20:42'),(1084,81,88,'Tinc ganes d\'acabar aquesta feina','2019-12-07 11:20:42'),(1085,88,72,'Em sembla, estimat amic, que tens un llop al costat dret','2019-12-07 11:20:42'),(1086,113,93,'Gregorio i Julian Gregorio, profes de programació, aquests sí que són llops','2019-12-07 11:20:42'),(1087,101,111,'Marc Albareda, Isabel, Gemma, Elena, profes de programació, aquests sí que són llops','2019-12-07 11:20:42'),(1088,114,113,'Si guanyo et passaré la pràctica de Marc o de Gregorio','2019-12-07 11:20:42'),(1089,81,83,'Soy un simple pueblerino, con boina y todo, no me votes más, por tus ...','2019-12-07 11:20:42'),(1090,80,114,'Soy un simple pueblerino, con boina y todo, no me votes más, por tus ...','2019-12-07 11:20:42'),(1091,14,97,'Saps DIDAC LLAMAS, et trobo interesant','2019-12-07 11:20:42'),(1092,89,88,'Tinc ganes d\'acabar aquesta feina','2019-12-07 11:20:42'),(1093,10,105,'Em sembla, estimat amic, que tens un llop al costat dret','2019-12-07 11:20:42'),(1094,92,113,'Soy un simple pueblerino, con boina y todo, no me votes más, por tus ...','2019-12-07 11:20:42'),(1095,3,81,'Si guanyo et passaré la pràctica de Marc o de Gregorio','2019-12-07 11:20:42'),(1096,95,81,'Em sembla, estimat amic, que tens un llop al costat dret','2019-12-07 11:20:42'),(1097,81,106,'Soy un simple pueblerino, con boina y todo, no me votes más, por tus ...','2019-12-07 11:20:42'),(1098,83,74,'Adeu ... OSCAR BRAVO m\'han matat','2019-12-07 11:20:42'),(1099,4,110,'D\'aquesta nit, LUIS PORTILLO no passes :)','2019-12-07 11:20:42'),(1100,11,74,'Te miro y te voto','2019-12-07 11:20:42'),(1101,107,81,'Adeu ... DAVID GIL m\'han matat','2019-12-07 11:20:42'),(1102,76,6,'Em sembla, estimat amic, que tens un llop al costat dret','2019-12-07 11:20:42'),(1103,103,72,'Saps ALVARO BARBA, et trobo interesant','2019-12-07 11:20:42'),(1104,79,105,'Soy un simple pueblerino, con boina y todo, no me votes más, por tus ...','2019-12-07 11:20:42'),(1105,8,74,'Si guanyo et passaré la pràctica de Marc o de Gregorio','2019-12-07 11:20:42'),(1106,92,72,'Si em tornes a votar ... no et tornaré a ajudar als examens de Marc','2019-12-07 11:20:42'),(1107,112,10,'Gregorio i Julian Gregorio, profes de programació, aquests sí que són llops','2019-12-07 11:20:42'),(1108,14,80,'D\'aquesta nit, DANIEL GARCIA no passes :)','2019-12-07 11:20:42'),(1109,113,110,'Si em tornes a votar ... no et tornaré a ajudar als examens de Marc','2019-12-07 11:20:42'),(1110,93,101,'D\'aquesta nit, VICTOR MELO no passes :)','2019-12-07 11:20:42'),(1111,6,94,'Saps ADRIAN FERRER, et trobo interesant','2019-12-07 11:20:42'),(1112,75,6,'D\'aquesta nit, JOSE MARIA CIVICO no passes :)','2019-12-07 11:20:42'),(1113,105,3,'Gregorio i Julian Gregorio, profes de programació, aquests sí que són llops','2019-12-07 11:20:42'),(1114,87,90,'Marc Albareda, Isabel, Gemma, Elena, profes de programació, aquests sí que són llops','2019-12-07 11:20:42'),(1115,80,87,'Sempre em votes ... ','2019-12-07 11:20:42'),(1116,7,104,'Si em tornes a votar ... no et tornaré a ajudar als examens de Marc','2019-12-07 11:20:42'),(1117,109,110,'Soy un simple pueblerino, con boina y todo, no me votes más, por tus ...','2019-12-07 11:20:42'),(1118,74,107,'Em sembla, estimat amic, que tens un llop al costat dret','2019-12-07 11:20:42'),(1119,76,108,'Marc Albareda, Isabel, Gemma, Elena, profes de programació, aquests sí que són llops','2019-12-07 11:20:42'),(1120,101,101,'Tinc ganes d\'acabar aquesta feina','2019-12-07 11:20:42'),(1121,13,93,'Soy un simple pueblerino, con boina y todo, no me votes más, por tus ...','2019-12-07 11:20:42'),(1122,84,82,'Si guanyo et passaré la pràctica de Marc o de Gregorio','2019-12-07 11:20:42'),(1123,107,105,'Tinc ganes d\'acabar aquesta feina','2019-12-07 11:20:42'),(1124,72,2,'Sempre em votes ... ','2019-12-07 11:20:42'),(1125,87,83,'Sempre em votes ... ','2019-12-07 11:20:42'),(1126,108,99,'Te miro y te voto','2019-12-07 11:20:42'),(1127,94,77,'Te miro y te voto','2019-12-07 11:20:42'),(1128,10,5,'D\'aquesta nit, XAVIER CAPILLA no passes :)','2019-12-07 11:20:42'),(1129,106,114,'Marc Albareda, Isabel, Gemma, Elena, profes de programació, aquests sí que són llops','2019-12-07 11:20:42'),(1130,99,85,'Te miro y te voto','2019-12-07 11:20:42'),(1131,8,81,'Si em tornes a votar ... no et tornaré a ajudar als examens de Marc','2019-12-07 11:20:42'),(1132,8,77,'Saps RAUL HERENCIA, et trobo interesant','2019-12-07 11:20:42'),(1133,78,4,'Si guanyo et passaré la pràctica de Marc o de Gregorio','2019-12-07 11:20:42'),(1134,112,83,'Gregorio i Julian Gregorio, profes de programació, aquests sí que són llops','2019-12-07 11:20:42'),(1135,94,87,'Te miro y te voto','2019-12-07 11:20:42'),(1136,2,78,'Soy un simple pueblerino, con boina y todo, no me votes más, por tus ...','2019-12-07 11:20:42'),(1137,87,73,'Marc Albareda, Isabel, Gemma, Elena, profes de programació, aquests sí que són llops','2019-12-07 11:20:42'),(1138,13,96,'Marc Albareda, Isabel, Gemma, Elena, profes de programació, aquests sí que són llops','2019-12-07 11:20:42'),(1139,90,98,'Te miro y te voto','2019-12-07 11:20:42'),(1140,103,106,'Soy un simple pueblerino, con boina y todo, no me votes más, por tus ...','2019-12-07 11:20:42'),(1141,9,5,'Tinc ganes d\'acabar aquesta feina','2019-12-07 11:20:42'),(1142,95,92,'Saps ANDRES QUIROS, et trobo interesant','2019-12-07 11:20:42'),(1143,110,95,'Soy un simple pueblerino, con boina y todo, no me votes más, por tus ...','2019-12-07 11:20:42'),(1144,93,6,'Adeu ... JOSE MARIA CIVICO m\'han matat','2019-12-07 11:20:42'),(1145,90,94,'Saps ADRIAN FERRER, et trobo interesant','2019-12-07 11:20:42'),(1146,105,84,'Em sembla, estimat amic, que tens un llop al costat dret','2019-12-07 11:20:42'),(1147,97,94,'Soy un simple pueblerino, con boina y todo, no me votes más, por tus ...','2019-12-07 11:20:42'),(1148,112,91,'Adeu ... JAUME PUIG m\'han matat','2019-12-07 11:20:42'),(1149,4,73,'Sempre em votes ... ','2019-12-07 11:20:42'),(1150,91,72,'Si guanyo et passaré la pràctica de Marc o de Gregorio','2019-12-07 11:20:42'),(1151,86,100,'Tinc ganes d\'acabar aquesta feina','2019-12-07 11:20:42'),(1152,7,5,'Sempre em votes ... ','2019-12-07 11:20:42'),(1153,4,102,'Si guanyo et passaré la pràctica de Marc o de Gregorio','2019-12-07 11:20:42'),(1154,89,90,'D\'aquesta nit, ROGER PUCHOL no passes :)','2019-12-07 11:20:43'),(1155,6,80,'Saps DANIEL GARCIA, et trobo interesant','2019-12-07 11:20:43'),(1156,100,99,'Em sembla, estimat amic, que tens un llop al costat dret','2019-12-07 11:20:43'),(1157,101,88,'Tinc ganes d\'acabar aquesta feina','2019-12-07 11:20:43'),(1158,91,92,'Tinc ganes d\'acabar aquesta feina','2019-12-07 11:20:43'),(1159,86,76,'Adeu ... DAVID CLEMENTE m\'han matat','2019-12-07 11:20:43'),(1160,78,81,'Si em tornes a votar ... no et tornaré a ajudar als examens de Marc','2019-12-07 11:20:43'),(1161,14,107,'Si guanyo et passaré la pràctica de Marc o de Gregorio','2019-12-07 11:20:43'),(1162,94,85,'Sempre em votes ... ','2019-12-07 11:20:43'),(1163,91,88,'Soy un simple pueblerino, con boina y todo, no me votes más, por tus ...','2019-12-07 11:20:43'),(1164,11,95,'Soy un simple pueblerino, con boina y todo, no me votes más, por tus ...','2019-12-07 11:20:43'),(1165,89,107,'Saps SERGI PELLEJERO, et trobo interesant','2019-12-07 11:20:43'),(1166,81,82,'Adeu ... RAFAEL GONZALEZ m\'han matat','2019-12-07 11:20:43'),(1167,75,89,'Te miro y te voto','2019-12-07 11:20:43'),(1168,97,74,'Te miro y te voto','2019-12-07 11:20:43'),(1169,85,80,'Saps DANIEL GARCIA, et trobo interesant','2019-12-07 11:20:43'),(1170,101,6,'D\'aquesta nit, JOSE MARIA CIVICO no passes :)','2019-12-07 11:20:43'),(1171,105,81,'Tinc ganes d\'acabar aquesta feina','2019-12-07 11:20:43'),(1172,100,81,'Gregorio i Julian Gregorio, profes de programació, aquests sí que són llops','2019-12-07 11:20:43'),(1173,9,90,'Saps ROGER PUCHOL, et trobo interesant','2019-12-07 11:20:43'),(1174,91,72,'Te miro y te voto','2019-12-07 11:20:43'),(1175,87,94,'Soy un simple pueblerino, con boina y todo, no me votes más, por tus ...','2019-12-07 11:20:43'),(1176,107,103,'Tinc ganes d\'acabar aquesta feina','2019-12-07 11:20:43'),(1177,101,14,'Tinc ganes d\'acabar aquesta feina','2019-12-07 11:20:43'),(1178,14,78,'Tinc ganes d\'acabar aquesta feina','2019-12-07 11:20:43'),(1179,15,4,'Sempre em votes ... ','2019-12-07 11:20:43'),(1180,102,114,'Em sembla, estimat amic, que tens un llop al costat dret','2019-12-07 11:20:43'),(1181,3,76,'Si em tornes a votar ... no et tornaré a ajudar als examens de Marc','2019-12-07 11:20:43'),(1182,85,114,'Gregorio i Julian Gregorio, profes de programació, aquests sí que són llops','2019-12-07 11:20:43'),(1183,95,86,'Saps ANDREU INVERNON, et trobo interesant','2019-12-07 11:20:43'),(1184,8,14,'Soy un simple pueblerino, con boina y todo, no me votes más, por tus ...','2019-12-07 11:20:43'),(1185,85,97,'Soy un simple pueblerino, con boina y todo, no me votes más, por tus ...','2019-12-07 11:20:43'),(1186,76,80,'Te miro y te voto','2019-12-07 11:20:43'),(1187,6,98,'Soy un simple pueblerino, con boina y todo, no me votes más, por tus ...','2019-12-07 11:20:43'),(1188,78,100,'Marc Albareda, Isabel, Gemma, Elena, profes de programació, aquests sí que són llops','2019-12-07 11:20:43'),(1189,93,99,'D\'aquesta nit, ADRIAN MARIN no passes :)','2019-12-07 11:20:43'),(1190,105,78,'Sempre em votes ... ','2019-12-07 11:20:43'),(1191,83,101,'Si em tornes a votar ... no et tornaré a ajudar als examens de Marc','2019-12-07 11:20:43'),(1192,80,105,'Sempre em votes ... ','2019-12-07 11:20:43'),(1193,77,89,'Tinc ganes d\'acabar aquesta feina','2019-12-07 11:20:43'),(1194,92,84,'Saps ALEJANDRO HERNANDEZ, et trobo interesant','2019-12-07 11:20:43'),(1195,102,72,'Saps ALVARO BARBA, et trobo interesant','2019-12-07 11:20:43'),(1196,77,114,'D\'aquesta nit, LLUIS SERRANO no passes :)','2019-12-07 11:20:43'),(1197,83,113,'Si em tornes a votar ... no et tornaré a ajudar als examens de Marc','2019-12-07 11:20:43'),(1198,112,10,'Te miro y te voto','2019-12-07 11:20:43'),(1199,87,6,'Soy un simple pueblerino, con boina y todo, no me votes más, por tus ...','2019-12-07 11:20:43'),(1200,98,12,'Sempre em votes ... ','2019-12-07 11:20:43'),(1201,106,15,'Tinc ganes d\'acabar aquesta feina','2019-12-07 11:20:43'),(1202,4,101,'Em sembla, estimat amic, que tens un llop al costat dret','2019-12-07 11:20:43'),(1203,103,107,'Sempre em votes ... ','2019-12-07 11:20:43'),(1204,5,111,'Si guanyo et passaré la pràctica de Marc o de Gregorio','2019-12-07 11:20:43'),(1205,91,14,'Saps DIMA PANUS, et trobo interesant','2019-12-07 11:20:43'),(1206,73,114,'Gregorio i Julian Gregorio, profes de programació, aquests sí que són llops','2019-12-07 11:20:43'),(1207,3,6,'Tinc ganes d\'acabar aquesta feina','2019-12-07 11:20:43'),(1208,81,105,'Tinc ganes d\'acabar aquesta feina','2019-12-07 11:20:43'),(1209,98,105,'Te miro y te voto','2019-12-07 11:20:43'),(1210,91,113,'Gregorio i Julian Gregorio, profes de programació, aquests sí que són llops','2019-12-07 11:20:43'),(1211,73,94,'Gregorio i Julian Gregorio, profes de programació, aquests sí que són llops','2019-12-07 11:20:43'),(1212,78,98,'Marc Albareda, Isabel, Gemma, Elena, profes de programació, aquests sí que són llops','2019-12-07 11:20:43'),(1213,104,81,'Si em tornes a votar ... no et tornaré a ajudar als examens de Marc','2019-12-07 11:20:43'),(1214,77,85,'Marc Albareda, Isabel, Gemma, Elena, profes de programació, aquests sí que són llops','2019-12-07 11:20:43'),(1215,102,15,'Sempre em votes ... ','2019-12-07 11:20:43'),(1216,91,88,'Sempre em votes ... ','2019-12-07 11:20:43'),(1217,103,81,'Te miro y te voto','2019-12-07 11:20:43'),(1218,99,76,'Soy un simple pueblerino, con boina y todo, no me votes más, por tus ...','2019-12-07 11:20:43'),(1219,9,107,'Te miro y te voto','2019-12-07 11:20:43'),(1220,86,4,'Te miro y te voto','2019-12-07 11:20:43'),(1221,4,2,'Te miro y te voto','2019-12-07 11:20:43'),(1222,84,114,'Em sembla, estimat amic, que tens un llop al costat dret','2019-12-07 11:20:43'),(1223,72,9,'Te miro y te voto','2019-12-07 11:20:43'),(1224,86,106,'Si em tornes a votar ... no et tornaré a ajudar als examens de Marc','2019-12-07 11:20:43'),(1225,108,105,'Marc Albareda, Isabel, Gemma, Elena, profes de programació, aquests sí que són llops','2019-12-07 11:20:43'),(1226,108,112,'Saps YURIC ROMERO, et trobo interesant','2019-12-07 11:20:43'),(1227,93,10,'Te miro y te voto','2019-12-07 11:20:43'),(1228,109,4,'Te miro y te voto','2019-12-07 11:20:43'),(1229,77,106,'Em sembla, estimat amic, que tens un llop al costat dret','2019-12-07 11:20:43'),(1230,89,15,'Sempre em votes ... ','2019-12-07 11:20:43'),(1231,72,110,'Si em tornes a votar ... no et tornaré a ajudar als examens de Marc','2019-12-07 11:20:43'),(1232,103,15,'Te miro y te voto','2019-12-07 11:20:43'),(1233,13,77,'Em sembla, estimat amic, que tens un llop al costat dret','2019-12-07 11:20:43'),(1234,99,99,'Te miro y te voto','2019-12-07 11:20:43'),(1235,86,99,'Si em tornes a votar ... no et tornaré a ajudar als examens de Marc','2019-12-07 11:20:43'),(1236,2,95,'Si em tornes a votar ... no et tornaré a ajudar als examens de Marc','2019-12-07 11:20:43'),(1237,3,78,'Adeu ... ETHAN ESCRIBA m\'han matat','2019-12-07 11:20:43'),(1238,12,100,'Tinc ganes d\'acabar aquesta feina','2019-12-07 11:20:43'),(1239,106,113,'Soy un simple pueblerino, con boina y todo, no me votes más, por tus ...','2019-12-07 11:20:43'),(1240,81,78,'Soy un simple pueblerino, con boina y todo, no me votes más, por tus ...','2019-12-07 11:20:43'),(1241,78,74,'Em sembla, estimat amic, que tens un llop al costat dret','2019-12-07 11:20:43'),(1242,113,82,'Adeu ... RAFAEL GONZALEZ m\'han matat','2019-12-07 11:20:43'),(1243,86,83,'Te miro y te voto','2019-12-07 11:20:43'),(1244,111,89,'Si em tornes a votar ... no et tornaré a ajudar als examens de Marc','2019-12-07 11:20:43'),(1245,13,82,'Si em tornes a votar ... no et tornaré a ajudar als examens de Marc','2019-12-07 11:20:43'),(1246,73,5,'Marc Albareda, Isabel, Gemma, Elena, profes de programació, aquests sí que són llops','2019-12-07 11:20:43'),(1247,76,100,'Soy un simple pueblerino, con boina y todo, no me votes más, por tus ...','2019-12-07 11:20:43'),(1248,107,89,'Sempre em votes ... ','2019-12-07 11:20:43'),(1249,84,2,'Em sembla, estimat amic, que tens un llop al costat dret','2019-12-07 11:20:43'),(1250,95,85,'Soy un simple pueblerino, con boina y todo, no me votes más, por tus ...','2019-12-07 11:20:43'),(1251,96,86,'Adeu ... ANDREU INVERNON m\'han matat','2019-12-07 11:20:43'),(1252,14,74,'Soy un simple pueblerino, con boina y todo, no me votes más, por tus ...','2019-12-07 11:20:43'),(1253,104,106,'Marc Albareda, Isabel, Gemma, Elena, profes de programació, aquests sí que són llops','2019-12-07 11:20:43'),(1254,113,108,'Si guanyo et passaré la pràctica de Marc o de Gregorio','2019-12-07 11:20:43'),(1255,72,89,'Em sembla, estimat amic, que tens un llop al costat dret','2019-12-07 11:20:43'),(1256,80,106,'Marc Albareda, Isabel, Gemma, Elena, profes de programació, aquests sí que són llops','2019-12-07 11:20:43'),(1257,103,114,'Si em tornes a votar ... no et tornaré a ajudar als examens de Marc','2019-12-07 11:20:43'),(1258,96,81,'Sempre em votes ... ','2019-12-07 11:20:43'),(1259,90,77,'D\'aquesta nit, RAUL HERENCIA no passes :)','2019-12-07 11:20:43'),(1260,96,89,'Gregorio i Julian Gregorio, profes de programació, aquests sí que són llops','2019-12-07 11:20:43'),(1261,111,104,'Em sembla, estimat amic, que tens un llop al costat dret','2019-12-07 11:20:43'),(1262,113,74,'Adeu ... OSCAR BRAVO m\'han matat','2019-12-07 11:20:43'),(1263,14,9,'Si guanyo et passaré la pràctica de Marc o de Gregorio','2019-12-07 11:20:43'),(1264,106,108,'Saps MARC PEREZ, et trobo interesant','2019-12-07 11:20:43'),(1265,11,82,'D\'aquesta nit, RAFAEL GONZALEZ no passes :)','2019-12-07 11:20:43'),(1266,91,14,'Em sembla, estimat amic, que tens un llop al costat dret','2019-12-07 11:20:43'),(1267,91,8,'Sempre em votes ... ','2019-12-07 11:20:43'),(1268,104,87,'Gregorio i Julian Gregorio, profes de programació, aquests sí que són llops','2019-12-07 11:20:43'),(1269,110,94,'Marc Albareda, Isabel, Gemma, Elena, profes de programació, aquests sí que són llops','2019-12-07 11:20:43'),(1270,114,108,'D\'aquesta nit, MARC PEREZ no passes :)','2019-12-07 11:20:43'),(1271,104,94,'Si guanyo et passaré la pràctica de Marc o de Gregorio','2019-12-07 11:20:43'),(1272,13,5,'Si em tornes a votar ... no et tornaré a ajudar als examens de Marc','2019-12-07 11:20:43'),(1273,7,74,'Te miro y te voto','2019-12-07 11:20:43'),(1274,87,2,'Gregorio i Julian Gregorio, profes de programació, aquests sí que són llops','2019-12-07 11:20:43'),(1275,97,85,'Marc Albareda, Isabel, Gemma, Elena, profes de programació, aquests sí que són llops','2019-12-07 11:20:43'),(1276,78,77,'Sempre em votes ... ','2019-12-07 11:20:43'),(1277,75,6,'Si em tornes a votar ... no et tornaré a ajudar als examens de Marc','2019-12-07 11:20:43'),(1278,10,78,'Adeu ... ETHAN ESCRIBA m\'han matat','2019-12-07 11:20:43'),(1279,78,82,'Gregorio i Julian Gregorio, profes de programació, aquests sí que són llops','2019-12-07 11:20:43'),(1280,2,96,'Gregorio i Julian Gregorio, profes de programació, aquests sí que són llops','2019-12-07 11:20:43'),(1281,90,14,'Em sembla, estimat amic, que tens un llop al costat dret','2019-12-07 11:20:43'),(1282,84,89,'Em sembla, estimat amic, que tens un llop al costat dret','2019-12-07 11:20:43'),(1283,113,75,'Saps ALBERT CIMAS, et trobo interesant','2019-12-07 11:20:43'),(1284,97,4,'Tinc ganes d\'acabar aquesta feina','2019-12-07 11:20:43'),(1285,91,5,'Soy un simple pueblerino, con boina y todo, no me votes más, por tus ...','2019-12-07 11:20:43'),(1286,7,78,'Si em tornes a votar ... no et tornaré a ajudar als examens de Marc','2019-12-07 11:20:43'),(1287,4,86,'Tinc ganes d\'acabar aquesta feina','2019-12-07 11:20:43'),(1288,14,12,'Adeu ... IVAN MORENO m\'han matat','2019-12-07 11:20:43'),(1289,109,15,'Saps RAUL PÉREZ, et trobo interesant','2019-12-07 11:20:43'),(1290,10,105,'Adeu ... HASSAN NAVEED m\'han matat','2019-12-07 11:20:43'),(1291,113,9,'Marc Albareda, Isabel, Gemma, Elena, profes de programació, aquests sí que són llops','2019-12-07 11:20:43'),(1292,14,12,'D\'aquesta nit, IVAN MORENO no passes :)','2019-12-07 11:20:43'),(1293,94,110,'Si guanyo et passaré la pràctica de Marc o de Gregorio','2019-12-07 11:20:43'),(1294,113,105,'D\'aquesta nit, HASSAN NAVEED no passes :)','2019-12-07 11:20:43'),(1295,77,103,'Saps ROGER MORENO, et trobo interesant','2019-12-07 11:20:43'),(1296,88,85,'D\'aquesta nit, DAVID HERNANDEZ no passes :)','2019-12-07 11:20:43'),(1297,96,72,'Saps ALVARO BARBA, et trobo interesant','2019-12-07 11:20:43'),(1298,76,72,'Si em tornes a votar ... no et tornaré a ajudar als examens de Marc','2019-12-07 11:20:43'),(1299,3,74,'Gregorio i Julian Gregorio, profes de programació, aquests sí que són llops','2019-12-07 11:20:43'),(1300,96,79,'Si guanyo et passaré la pràctica de Marc o de Gregorio','2019-12-07 11:20:43'),(1301,101,93,'Marc Albareda, Isabel, Gemma, Elena, profes de programació, aquests sí que són llops','2019-12-07 11:20:43'),(1302,96,101,'Si guanyo et passaré la pràctica de Marc o de Gregorio','2019-12-07 11:20:43'),(1303,94,85,'Te miro y te voto','2019-12-07 11:20:43'),(1304,9,75,'D\'aquesta nit, ALBERT CIMAS no passes :)','2019-12-07 11:20:43'),(1305,114,13,'Em sembla, estimat amic, que tens un llop al costat dret','2019-12-07 11:20:43'),(1306,79,114,'D\'aquesta nit, LLUIS SERRANO no passes :)','2019-12-07 11:20:43'),(1307,113,4,'Si em tornes a votar ... no et tornaré a ajudar als examens de Marc','2019-12-07 11:20:43'),(1308,94,2,'D\'aquesta nit, ISMAEL ABBOU no passes :)','2019-12-07 11:20:43'),(1309,100,103,'D\'aquesta nit, ROGER MORENO no passes :)','2019-12-07 11:20:43'),(1310,110,91,'Adeu ... JAUME PUIG m\'han matat','2019-12-07 11:20:43'),(1311,84,4,'Gregorio i Julian Gregorio, profes de programació, aquests sí que són llops','2019-12-07 11:20:43'),(1312,113,108,'Si em tornes a votar ... no et tornaré a ajudar als examens de Marc','2019-12-07 11:20:43'),(1313,112,14,'Adeu ... DIMA PANUS m\'han matat','2019-12-07 11:20:43'),(1314,15,10,'Gregorio i Julian Gregorio, profes de programació, aquests sí que són llops','2019-12-07 11:20:43'),(1315,88,80,'Em sembla, estimat amic, que tens un llop al costat dret','2019-12-07 11:20:43'),(1316,114,82,'Adeu ... RAFAEL GONZALEZ m\'han matat','2019-12-07 11:20:43'),(1317,73,101,'Saps VICTOR MELO, et trobo interesant','2019-12-07 11:20:43'),(1318,82,6,'Te miro y te voto','2019-12-07 11:20:43'),(1319,109,82,'Si em tornes a votar ... no et tornaré a ajudar als examens de Marc','2019-12-07 11:20:43'),(1320,2,74,'Saps OSCAR BRAVO, et trobo interesant','2019-12-07 11:20:43'),(1321,97,85,'Marc Albareda, Isabel, Gemma, Elena, profes de programació, aquests sí que són llops','2019-12-07 11:20:43'),(1322,74,74,'Si em tornes a votar ... no et tornaré a ajudar als examens de Marc','2019-12-07 11:20:43'),(1323,111,75,'Sempre em votes ... ','2019-12-07 11:20:43'),(1324,92,110,'Sempre em votes ... ','2019-12-07 11:20:43'),(1325,92,87,'Soy un simple pueblerino, con boina y todo, no me votes más, por tus ...','2019-12-07 11:20:43'),(1326,105,74,'Soy un simple pueblerino, con boina y todo, no me votes más, por tus ...','2019-12-07 11:20:43'),(1327,102,106,'Te miro y te voto','2019-12-07 11:20:43'),(1328,72,10,'Tinc ganes d\'acabar aquesta feina','2019-12-07 11:20:43'),(1329,75,8,'Si em tornes a votar ... no et tornaré a ajudar als examens de Marc','2019-12-07 11:20:43'),(1330,98,15,'Tinc ganes d\'acabar aquesta feina','2019-12-07 11:20:43'),(1331,104,73,'Tinc ganes d\'acabar aquesta feina','2019-12-07 11:20:43'),(1332,4,77,'Marc Albareda, Isabel, Gemma, Elena, profes de programació, aquests sí que són llops','2019-12-07 11:20:43'),(1333,102,10,'Adeu ... POL LÓPEZ m\'han matat','2019-12-07 11:20:43'),(1334,15,102,'Em sembla, estimat amic, que tens un llop al costat dret','2019-12-07 11:20:43'),(1335,85,80,'Adeu ... DANIEL GARCIA m\'han matat','2019-12-07 11:20:43'),(1336,114,107,'Soy un simple pueblerino, con boina y todo, no me votes más, por tus ...','2019-12-07 11:20:43'),(1337,110,110,'Sempre em votes ... ','2019-12-07 11:20:43'),(1338,97,6,'Tinc ganes d\'acabar aquesta feina','2019-12-07 11:20:43'),(1339,5,104,'Soy un simple pueblerino, con boina y todo, no me votes más, por tus ...','2019-12-07 11:20:43'),(1340,108,95,'Em sembla, estimat amic, que tens un llop al costat dret','2019-12-07 11:20:43'),(1341,89,106,'Te miro y te voto','2019-12-07 11:20:43'),(1342,93,113,'D\'aquesta nit, ARNAU SANCHEZ no passes :)','2019-12-07 11:20:43'),(1343,79,95,'Te miro y te voto','2019-12-07 11:20:43'),(1344,99,106,'Saps ISAAC NOA, et trobo interesant','2019-12-07 11:20:43'),(1345,76,3,'Marc Albareda, Isabel, Gemma, Elena, profes de programació, aquests sí que són llops','2019-12-07 11:20:43'),(1346,100,90,'Em sembla, estimat amic, que tens un llop al costat dret','2019-12-07 11:20:43'),(1347,9,2,'Soy un simple pueblerino, con boina y todo, no me votes más, por tus ...','2019-12-07 11:20:43'),(1348,74,90,'D\'aquesta nit, ROGER PUCHOL no passes :)','2019-12-07 11:20:43'),(1349,12,111,'D\'aquesta nit, EDUARD RODRIGUEZ no passes :)','2019-12-07 11:20:43'),(1350,6,113,'Soy un simple pueblerino, con boina y todo, no me votes más, por tus ...','2019-12-07 11:20:43'),(1351,85,6,'D\'aquesta nit, JOSE MARIA CIVICO no passes :)','2019-12-07 11:20:43'),(1352,104,113,'Saps ARNAU SANCHEZ, et trobo interesant','2019-12-07 11:20:43'),(1353,14,73,'Tinc ganes d\'acabar aquesta feina','2019-12-07 11:20:43'),(1354,112,98,'Soy un simple pueblerino, con boina y todo, no me votes más, por tus ...','2019-12-07 11:20:43'),(1355,105,73,'Soy un simple pueblerino, con boina y todo, no me votes más, por tus ...','2019-12-07 11:20:43'),(1356,15,74,'Saps OSCAR BRAVO, et trobo interesant','2019-12-07 11:20:43'),(1357,109,97,'Soy un simple pueblerino, con boina y todo, no me votes más, por tus ...','2019-12-07 11:20:43'),(1358,104,106,'Adeu ... ISAAC NOA m\'han matat','2019-12-07 11:20:43'),(1359,96,83,'Sempre em votes ... ','2019-12-07 11:20:43'),(1360,92,84,'Si em tornes a votar ... no et tornaré a ajudar als examens de Marc','2019-12-07 11:20:43'),(1361,5,94,'Adeu ... ADRIAN FERRER m\'han matat','2019-12-07 11:20:43'),(1362,11,114,'D\'aquesta nit, LLUIS SERRANO no passes :)','2019-12-07 11:20:43'),(1363,7,102,'Sempre em votes ... ','2019-12-07 11:20:43'),(1364,111,101,'Gregorio i Julian Gregorio, profes de programació, aquests sí que són llops','2019-12-07 11:20:43'),(1365,100,15,'D\'aquesta nit, RAUL PÉREZ no passes :)','2019-12-07 11:20:43'),(1366,80,94,'Saps ADRIAN FERRER, et trobo interesant','2019-12-07 11:20:43'),(1367,99,84,'Saps ALEJANDRO HERNANDEZ, et trobo interesant','2019-12-07 11:20:43'),(1368,10,91,'Adeu ... JAUME PUIG m\'han matat','2019-12-07 11:20:43'),(1369,11,7,'Si em tornes a votar ... no et tornaré a ajudar als examens de Marc','2019-12-07 11:20:43'),(1370,72,82,'Si guanyo et passaré la pràctica de Marc o de Gregorio','2019-12-07 11:20:43'),(1371,4,84,'Te miro y te voto','2019-12-07 11:20:43'),(1372,13,82,'Saps RAFAEL GONZALEZ, et trobo interesant','2019-12-07 11:20:43'),(1373,15,97,'Tinc ganes d\'acabar aquesta feina','2019-12-07 11:20:43'),(1374,101,113,'Si guanyo et passaré la pràctica de Marc o de Gregorio','2019-12-07 11:20:43'),(1375,105,9,'Soy un simple pueblerino, con boina y todo, no me votes más, por tus ...','2019-12-07 11:20:43'),(1376,83,93,'Si guanyo et passaré la pràctica de Marc o de Gregorio','2019-12-07 11:20:43'),(1377,110,73,'Gregorio i Julian Gregorio, profes de programació, aquests sí que són llops','2019-12-07 11:20:43'),(1378,104,76,'D\'aquesta nit, DAVID CLEMENTE no passes :)','2019-12-07 11:20:43'),(1379,87,105,'Si guanyo et passaré la pràctica de Marc o de Gregorio','2019-12-07 11:20:43'),(1380,75,8,'Sempre em votes ... ','2019-12-07 11:20:43'),(1381,88,80,'Em sembla, estimat amic, que tens un llop al costat dret','2019-12-07 11:20:43'),(1382,90,112,'Sempre em votes ... ','2019-12-07 11:20:43'),(1383,10,3,'D\'aquesta nit, AARON ABELLÓN no passes :)','2019-12-07 11:20:43'),(1384,73,94,'Gregorio i Julian Gregorio, profes de programació, aquests sí que són llops','2019-12-07 11:20:43'),(1385,9,105,'Si guanyo et passaré la pràctica de Marc o de Gregorio','2019-12-07 11:20:43'),(1386,110,102,'Adeu ... ALEJANDRO MONTES m\'han matat','2019-12-07 11:20:43'),(1387,2,89,'Tinc ganes d\'acabar aquesta feina','2019-12-07 11:20:43'),(1388,114,97,'Te miro y te voto','2019-12-07 11:20:43'),(1389,88,103,'Tinc ganes d\'acabar aquesta feina','2019-12-07 11:20:43'),(1390,105,106,'Si em tornes a votar ... no et tornaré a ajudar als examens de Marc','2019-12-07 11:20:43'),(1391,87,10,'Marc Albareda, Isabel, Gemma, Elena, profes de programació, aquests sí que són llops','2019-12-07 11:20:43'),(1392,81,78,'Gregorio i Julian Gregorio, profes de programació, aquests sí que són llops','2019-12-07 11:20:43'),(1393,81,2,'Marc Albareda, Isabel, Gemma, Elena, profes de programació, aquests sí que són llops','2019-12-07 11:20:43'),(1394,92,99,'Marc Albareda, Isabel, Gemma, Elena, profes de programació, aquests sí que són llops','2019-12-07 11:20:43'),(1395,96,4,'D\'aquesta nit, JON CAMPAÑA no passes :)','2019-12-07 11:20:43'),(1396,114,90,'Si em tornes a votar ... no et tornaré a ajudar als examens de Marc','2019-12-07 11:20:44'),(1397,6,88,'Saps CARLOS NIETO, et trobo interesant','2019-12-07 11:20:44'),(1398,107,4,'Em sembla, estimat amic, que tens un llop al costat dret','2019-12-07 11:20:44'),(1399,90,83,'D\'aquesta nit, ADRIAN GRAGERA no passes :)','2019-12-07 11:20:44'),(1400,97,84,'Si guanyo et passaré la pràctica de Marc o de Gregorio','2019-12-07 11:20:44'),(1401,110,112,'Sempre em votes ... ','2019-12-07 11:20:44'),(1402,91,78,'Marc Albareda, Isabel, Gemma, Elena, profes de programació, aquests sí que són llops','2019-12-07 11:20:44'),(1403,81,73,'Te miro y te voto','2019-12-07 11:20:44'),(1404,94,4,'Em sembla, estimat amic, que tens un llop al costat dret','2019-12-07 11:20:44'),(1405,88,12,'Adeu ... IVAN MORENO m\'han matat','2019-12-07 11:20:44'),(1406,74,105,'Te miro y te voto','2019-12-07 11:20:44'),(1407,81,94,'Adeu ... ADRIAN FERRER m\'han matat','2019-12-07 11:20:44'),(1408,94,79,'Adeu ... RUBEN ESTEBAN m\'han matat','2019-12-07 11:20:44'),(1409,5,3,'Sempre em votes ... ','2019-12-07 11:20:44'),(1410,86,106,'Si em tornes a votar ... no et tornaré a ajudar als examens de Marc','2019-12-07 11:20:44'),(1411,102,13,'Sempre em votes ... ','2019-12-07 11:20:44'),(1412,72,99,'Tinc ganes d\'acabar aquesta feina','2019-12-07 11:20:44'),(1413,88,12,'Gregorio i Julian Gregorio, profes de programació, aquests sí que són llops','2019-12-07 11:20:44'),(1414,72,82,'Soy un simple pueblerino, con boina y todo, no me votes más, por tus ...','2019-12-07 11:20:44'),(1415,94,99,'D\'aquesta nit, ADRIAN MARIN no passes :)','2019-12-07 11:20:44'),(1416,10,85,'Si em tornes a votar ... no et tornaré a ajudar als examens de Marc','2019-12-07 11:20:44'),(1417,72,112,'Marc Albareda, Isabel, Gemma, Elena, profes de programació, aquests sí que són llops','2019-12-07 11:20:44'),(1418,99,13,'Tinc ganes d\'acabar aquesta feina','2019-12-07 11:20:44'),(1419,87,110,'Soy un simple pueblerino, con boina y todo, no me votes más, por tus ...','2019-12-07 11:20:44'),(1420,113,94,'Tinc ganes d\'acabar aquesta feina','2019-12-07 11:20:44'),(1421,96,93,'Si guanyo et passaré la pràctica de Marc o de Gregorio','2019-12-07 11:20:44'),(1422,114,4,'Adeu ... JON CAMPAÑA m\'han matat','2019-12-07 11:20:44'),(1423,101,13,'Te miro y te voto','2019-12-07 11:20:44'),(1424,2,90,'Saps ROGER PUCHOL, et trobo interesant','2019-12-07 11:20:44'),(1425,112,113,'Tinc ganes d\'acabar aquesta feina','2019-12-07 11:20:44'),(1426,84,97,'Saps DIDAC LLAMAS, et trobo interesant','2019-12-07 11:20:44'),(1427,4,107,'Tinc ganes d\'acabar aquesta feina','2019-12-07 11:20:44'),(1428,13,109,'Tinc ganes d\'acabar aquesta feina','2019-12-07 11:20:44'),(1429,114,99,'Marc Albareda, Isabel, Gemma, Elena, profes de programació, aquests sí que són llops','2019-12-07 11:20:44'),(1430,12,4,'Si guanyo et passaré la pràctica de Marc o de Gregorio','2019-12-07 11:20:44'),(1431,95,76,'Sempre em votes ... ','2019-12-07 11:20:44'),(1432,85,104,'Si em tornes a votar ... no et tornaré a ajudar als examens de Marc','2019-12-07 11:20:44'),(1433,111,105,'Marc Albareda, Isabel, Gemma, Elena, profes de programació, aquests sí que són llops','2019-12-07 11:20:44'),(1434,74,107,'Gregorio i Julian Gregorio, profes de programació, aquests sí que són llops','2019-12-07 11:20:44'),(1435,102,88,'Tinc ganes d\'acabar aquesta feina','2019-12-07 11:20:44'),(1436,6,85,'Sempre em votes ... ','2019-12-07 11:20:44'),(1437,85,101,'Si em tornes a votar ... no et tornaré a ajudar als examens de Marc','2019-12-07 11:20:44'),(1438,95,89,'Tinc ganes d\'acabar aquesta feina','2019-12-07 11:20:44'),(1439,75,100,'Soy un simple pueblerino, con boina y todo, no me votes más, por tus ...','2019-12-07 11:20:44'),(1440,84,82,'Te miro y te voto','2019-12-07 11:20:44'),(1441,112,81,'Marc Albareda, Isabel, Gemma, Elena, profes de programació, aquests sí que són llops','2019-12-07 11:20:44'),(1442,98,89,'Gregorio i Julian Gregorio, profes de programació, aquests sí que són llops','2019-12-07 11:20:44'),(1443,114,12,'D\'aquesta nit, IVAN MORENO no passes :)','2019-12-07 11:20:44'),(1444,11,11,'Si em tornes a votar ... no et tornaré a ajudar als examens de Marc','2019-12-07 11:20:44'),(1445,90,72,'Adeu ... ALVARO BARBA m\'han matat','2019-12-07 11:20:44'),(1446,113,106,'Te miro y te voto','2019-12-07 11:20:44'),(1447,10,99,'Sempre em votes ... ','2019-12-07 11:20:44'),(1448,89,109,'Sempre em votes ... ','2019-12-07 11:20:44'),(1449,4,74,'Saps OSCAR BRAVO, et trobo interesant','2019-12-07 11:20:44'),(1450,14,92,'Sempre em votes ... ','2019-12-07 11:20:44'),(1451,103,11,'Em sembla, estimat amic, que tens un llop al costat dret','2019-12-07 11:20:44'),(1452,112,105,'Si guanyo et passaré la pràctica de Marc o de Gregorio','2019-12-07 11:20:44'),(1453,80,86,'Si em tornes a votar ... no et tornaré a ajudar als examens de Marc','2019-12-07 11:20:44'),(1454,101,108,'D\'aquesta nit, MARC PEREZ no passes :)','2019-12-07 11:20:44'),(1455,12,104,'Si em tornes a votar ... no et tornaré a ajudar als examens de Marc','2019-12-07 11:20:44'),(1456,110,106,'Adeu ... ISAAC NOA m\'han matat','2019-12-07 11:20:44'),(1457,77,108,'Saps MARC PEREZ, et trobo interesant','2019-12-07 11:20:44'),(1458,97,90,'Em sembla, estimat amic, que tens un llop al costat dret','2019-12-07 11:20:44'),(1459,101,82,'Si em tornes a votar ... no et tornaré a ajudar als examens de Marc','2019-12-07 11:20:44'),(1460,7,8,'Sempre em votes ... ','2019-12-07 11:20:44'),(1461,3,88,'Marc Albareda, Isabel, Gemma, Elena, profes de programació, aquests sí que són llops','2019-12-07 11:20:44'),(1462,10,101,'Si em tornes a votar ... no et tornaré a ajudar als examens de Marc','2019-12-07 11:20:44'),(1463,101,75,'Si em tornes a votar ... no et tornaré a ajudar als examens de Marc','2019-12-07 11:20:44'),(1464,108,113,'Si em tornes a votar ... no et tornaré a ajudar als examens de Marc','2019-12-07 11:20:44'),(1465,85,78,'Soy un simple pueblerino, con boina y todo, no me votes más, por tus ...','2019-12-07 11:20:44'),(1466,5,4,'Gregorio i Julian Gregorio, profes de programació, aquests sí que són llops','2019-12-07 11:20:44'),(1467,109,14,'Soy un simple pueblerino, con boina y todo, no me votes más, por tus ...','2019-12-07 11:20:44'),(1468,72,100,'Sempre em votes ... ','2019-12-07 11:20:44'),(1469,78,100,'Tinc ganes d\'acabar aquesta feina','2019-12-07 11:20:44'),(1470,80,90,'Em sembla, estimat amic, que tens un llop al costat dret','2019-12-07 11:20:44'),(1471,14,77,'Tinc ganes d\'acabar aquesta feina','2019-12-07 11:20:44'),(1472,93,79,'Soy un simple pueblerino, con boina y todo, no me votes más, por tus ...','2019-12-07 11:20:44'),(1473,87,84,'Em sembla, estimat amic, que tens un llop al costat dret','2019-12-07 11:20:44'),(1474,10,85,'Gregorio i Julian Gregorio, profes de programació, aquests sí que són llops','2019-12-07 11:20:44'),(1475,85,99,'Si em tornes a votar ... no et tornaré a ajudar als examens de Marc','2019-12-07 11:20:44'),(1476,81,9,'D\'aquesta nit, ADRIAN IZQUIERDO no passes :)','2019-12-07 11:20:44'),(1477,106,102,'Tinc ganes d\'acabar aquesta feina','2019-12-07 11:20:44'),(1478,77,103,'Saps ROGER MORENO, et trobo interesant','2019-12-07 11:20:44'),(1479,98,113,'Si em tornes a votar ... no et tornaré a ajudar als examens de Marc','2019-12-07 11:20:44'),(1480,98,91,'Saps JAUME PUIG, et trobo interesant','2019-12-07 11:20:44'),(1481,88,95,'Gregorio i Julian Gregorio, profes de programació, aquests sí que són llops','2019-12-07 11:20:44'),(1482,15,97,'Gregorio i Julian Gregorio, profes de programació, aquests sí que són llops','2019-12-07 11:20:44'),(1483,8,87,'Adeu ... JOAN MEDINA m\'han matat','2019-12-07 11:20:44'),(1484,111,72,'Tinc ganes d\'acabar aquesta feina','2019-12-07 11:20:44'),(1485,13,101,'Si guanyo et passaré la pràctica de Marc o de Gregorio','2019-12-07 11:20:44'),(1486,94,104,'Sempre em votes ... ','2019-12-07 11:20:44'),(1487,79,92,'Si guanyo et passaré la pràctica de Marc o de Gregorio','2019-12-07 11:20:44'),(1488,90,14,'Em sembla, estimat amic, que tens un llop al costat dret','2019-12-07 11:20:44'),(1489,114,78,'Gregorio i Julian Gregorio, profes de programació, aquests sí que són llops','2019-12-07 11:20:44'),(1490,72,107,'Marc Albareda, Isabel, Gemma, Elena, profes de programació, aquests sí que són llops','2019-12-07 11:20:44'),(1491,101,107,'Tinc ganes d\'acabar aquesta feina','2019-12-07 11:20:44'),(1492,75,80,'Saps DANIEL GARCIA, et trobo interesant','2019-12-07 11:20:44'),(1493,5,74,'Si em tornes a votar ... no et tornaré a ajudar als examens de Marc','2019-12-07 11:20:44'),(1494,14,11,'Sempre em votes ... ','2019-12-07 11:20:44'),(1495,78,6,'Tinc ganes d\'acabar aquesta feina','2019-12-07 11:20:44'),(1496,105,9,'Te miro y te voto','2019-12-07 11:20:44'),(1497,14,111,'Soy un simple pueblerino, con boina y todo, no me votes más, por tus ...','2019-12-07 11:20:44'),(1498,8,77,'Em sembla, estimat amic, que tens un llop al costat dret','2019-12-07 11:20:44'),(1499,106,15,'Marc Albareda, Isabel, Gemma, Elena, profes de programació, aquests sí que són llops','2019-12-07 11:20:44'),(1500,99,13,'Marc Albareda, Isabel, Gemma, Elena, profes de programació, aquests sí que són llops','2019-12-07 11:20:44'),(1501,79,11,'Si guanyo et passaré la pràctica de Marc o de Gregorio','2019-12-07 11:20:44'),(1502,8,73,'Sempre em votes ... ','2019-12-07 11:20:44'),(1503,74,9,'Te miro y te voto','2019-12-07 11:20:44'),(1504,86,97,'Soy un simple pueblerino, con boina y todo, no me votes más, por tus ...','2019-12-07 11:20:44'),(1505,104,90,'Te miro y te voto','2019-12-07 11:20:44'),(1506,92,89,'Saps MARC NUNO, et trobo interesant','2019-12-07 11:20:44'),(1507,92,113,'Tinc ganes d\'acabar aquesta feina','2019-12-07 11:20:44'),(1508,14,2,'Gregorio i Julian Gregorio, profes de programació, aquests sí que són llops','2019-12-07 11:20:44'),(1509,111,111,'Soy un simple pueblerino, con boina y todo, no me votes más, por tus ...','2019-12-07 11:20:44'),(1510,104,90,'Te miro y te voto','2019-12-07 11:20:44'),(1511,13,74,'Adeu ... OSCAR BRAVO m\'han matat','2019-12-07 11:20:44'),(1512,93,73,'Si em tornes a votar ... no et tornaré a ajudar als examens de Marc','2019-12-07 11:20:44'),(1513,13,9,'Sempre em votes ... ','2019-12-07 11:20:44'),(1514,100,108,'Sempre em votes ... ','2019-12-07 11:20:44'),(1515,81,5,'D\'aquesta nit, XAVIER CAPILLA no passes :)','2019-12-07 11:20:44'),(1516,13,74,'Si em tornes a votar ... no et tornaré a ajudar als examens de Marc','2019-12-07 11:20:44'),(1517,83,97,'Soy un simple pueblerino, con boina y todo, no me votes más, por tus ...','2019-12-07 11:20:44'),(1518,89,92,'Te miro y te voto','2019-12-07 11:20:44'),(1519,89,77,'Soy un simple pueblerino, con boina y todo, no me votes más, por tus ...','2019-12-07 11:20:44'),(1520,3,104,'Te miro y te voto','2019-12-07 11:20:44'),(1521,97,96,'D\'aquesta nit, RAUL GODINEZ no passes :)','2019-12-07 11:20:44'),(1522,74,107,'Adeu ... SERGI PELLEJERO m\'han matat','2019-12-07 11:20:44'),(1523,89,83,'Sempre em votes ... ','2019-12-07 11:20:44'),(1524,112,80,'Marc Albareda, Isabel, Gemma, Elena, profes de programació, aquests sí que són llops','2019-12-07 11:20:44'),(1525,79,7,'Sempre em votes ... ','2019-12-07 11:20:44'),(1526,99,90,'Sempre em votes ... ','2019-12-07 11:20:44'),(1527,97,92,'Sempre em votes ... ','2019-12-07 11:20:44'),(1528,12,99,'Marc Albareda, Isabel, Gemma, Elena, profes de programació, aquests sí que són llops','2019-12-07 11:20:44'),(1529,85,10,'Soy un simple pueblerino, con boina y todo, no me votes más, por tus ...','2019-12-07 11:20:44'),(1530,85,107,'Sempre em votes ... ','2019-12-07 11:20:44'),(1531,86,95,'D\'aquesta nit, DANIEL FRAILE no passes :)','2019-12-07 11:20:44'),(1532,77,79,'Sempre em votes ... ','2019-12-07 11:20:44'),(1533,99,111,'Saps EDUARD RODRIGUEZ, et trobo interesant','2019-12-07 11:20:44'),(1534,106,86,'Em sembla, estimat amic, que tens un llop al costat dret','2019-12-07 11:20:44'),(1535,96,111,'Sempre em votes ... ','2019-12-07 11:20:44'),(1536,92,86,'Soy un simple pueblerino, con boina y todo, no me votes más, por tus ...','2019-12-07 11:20:44'),(1537,107,94,'Marc Albareda, Isabel, Gemma, Elena, profes de programació, aquests sí que són llops','2019-12-07 11:20:44'),(1538,3,93,'Sempre em votes ... ','2019-12-07 11:20:44'),(1539,97,108,'Sempre em votes ... ','2019-12-07 11:20:44'),(1540,3,8,'Te miro y te voto','2019-12-07 11:20:44'),(1541,5,107,'Gregorio i Julian Gregorio, profes de programació, aquests sí que són llops','2019-12-07 11:20:44'),(1542,111,80,'Adeu ... DANIEL GARCIA m\'han matat','2019-12-07 11:20:44'),(1543,2,103,'Soy un simple pueblerino, con boina y todo, no me votes más, por tus ...','2019-12-07 11:20:44'),(1544,104,89,'Gregorio i Julian Gregorio, profes de programació, aquests sí que són llops','2019-12-07 11:20:44'),(1545,11,8,'Sempre em votes ... ','2019-12-07 11:20:44'),(1546,107,104,'D\'aquesta nit, JOSEMANUEL MUNOZ no passes :)','2019-12-07 11:20:44'),(1547,110,113,'Adeu ... ARNAU SANCHEZ m\'han matat','2019-12-07 11:20:44'),(1548,3,77,'Te miro y te voto','2019-12-07 11:20:44'),(1549,94,111,'Gregorio i Julian Gregorio, profes de programació, aquests sí que són llops','2019-12-07 11:20:44'),(1550,100,80,'D\'aquesta nit, DANIEL GARCIA no passes :)','2019-12-07 11:20:44'),(1551,106,108,'Gregorio i Julian Gregorio, profes de programació, aquests sí que són llops','2019-12-07 11:20:44'),(1552,99,97,'Marc Albareda, Isabel, Gemma, Elena, profes de programació, aquests sí que són llops','2019-12-07 11:20:44'),(1553,73,78,'Tinc ganes d\'acabar aquesta feina','2019-12-07 11:20:44'),(1554,85,92,'Te miro y te voto','2019-12-07 11:20:44'),(1555,76,90,'Adeu ... ROGER PUCHOL m\'han matat','2019-12-07 11:20:44'),(1556,108,83,'Em sembla, estimat amic, que tens un llop al costat dret','2019-12-07 11:20:44'),(1557,92,100,'Gregorio i Julian Gregorio, profes de programació, aquests sí que són llops','2019-12-07 11:20:44'),(1558,100,72,'Adeu ... ALVARO BARBA m\'han matat','2019-12-07 11:20:44'),(1559,95,101,'Gregorio i Julian Gregorio, profes de programació, aquests sí que són llops','2019-12-07 11:20:44'),(1560,103,2,'Gregorio i Julian Gregorio, profes de programació, aquests sí que són llops','2019-12-07 11:20:44'),(1561,75,94,'Sempre em votes ... ','2019-12-07 11:20:44'),(1562,79,88,'Te miro y te voto','2019-12-07 11:20:44'),(1563,105,98,'Marc Albareda, Isabel, Gemma, Elena, profes de programació, aquests sí que són llops','2019-12-07 11:20:44'),(1564,13,86,'Soy un simple pueblerino, con boina y todo, no me votes más, por tus ...','2019-12-07 11:20:44'),(1565,80,106,'Adeu ... ISAAC NOA m\'han matat','2019-12-07 11:20:44'),(1566,102,75,'Soy un simple pueblerino, con boina y todo, no me votes más, por tus ...','2019-12-07 11:20:44'),(1567,86,84,'Si em tornes a votar ... no et tornaré a ajudar als examens de Marc','2019-12-07 11:20:44'),(1568,84,100,'Si em tornes a votar ... no et tornaré a ajudar als examens de Marc','2019-12-07 11:20:44'),(1569,97,72,'Tinc ganes d\'acabar aquesta feina','2019-12-07 11:20:44'),(1570,11,99,'Marc Albareda, Isabel, Gemma, Elena, profes de programació, aquests sí que són llops','2019-12-07 11:20:44'),(1571,107,76,'Tinc ganes d\'acabar aquesta feina','2019-12-07 11:20:44'),(1572,89,11,'Soy un simple pueblerino, con boina y todo, no me votes más, por tus ...','2019-12-07 11:20:44'),(1573,7,108,'Si em tornes a votar ... no et tornaré a ajudar als examens de Marc','2019-12-07 11:20:44'),(1574,77,79,'Sempre em votes ... ','2019-12-07 11:20:44'),(1575,79,15,'Si guanyo et passaré la pràctica de Marc o de Gregorio','2019-12-07 11:20:44'),(1576,103,87,'Adeu ... JOAN MEDINA m\'han matat','2019-12-07 11:20:44'),(1577,4,5,'Em sembla, estimat amic, que tens un llop al costat dret','2019-12-07 11:20:44'),(1578,94,78,'Si guanyo et passaré la pràctica de Marc o de Gregorio','2019-12-07 11:20:44'),(1579,100,84,'Si guanyo et passaré la pràctica de Marc o de Gregorio','2019-12-07 11:20:44'),(1580,93,3,'D\'aquesta nit, AARON ABELLÓN no passes :)','2019-12-07 11:20:44'),(1581,95,83,'Si em tornes a votar ... no et tornaré a ajudar als examens de Marc','2019-12-07 11:20:44'),(1582,78,114,'Si em tornes a votar ... no et tornaré a ajudar als examens de Marc','2019-12-07 11:20:44'),(1583,96,75,'Adeu ... ALBERT CIMAS m\'han matat','2019-12-07 11:20:44'),(1584,83,104,'Tinc ganes d\'acabar aquesta feina','2019-12-07 11:20:44'),(1585,114,6,'Te miro y te voto','2019-12-07 11:20:44'),(1586,102,99,'D\'aquesta nit, ADRIAN MARIN no passes :)','2019-12-07 11:20:44'),(1587,96,84,'Si em tornes a votar ... no et tornaré a ajudar als examens de Marc','2019-12-07 11:20:44'),(1588,74,109,'Em sembla, estimat amic, que tens un llop al costat dret','2019-12-07 11:20:44'),(1589,72,96,'Marc Albareda, Isabel, Gemma, Elena, profes de programació, aquests sí que són llops','2019-12-07 11:20:44'),(1590,87,102,'Adeu ... ALEJANDRO MONTES m\'han matat','2019-12-07 11:20:44'),(1591,77,84,'Si em tornes a votar ... no et tornaré a ajudar als examens de Marc','2019-12-07 11:20:44'),(1592,98,111,'Si guanyo et passaré la pràctica de Marc o de Gregorio','2019-12-07 11:20:44'),(1593,106,73,'Soy un simple pueblerino, con boina y todo, no me votes más, por tus ...','2019-12-07 11:20:44'),(1594,111,102,'Gregorio i Julian Gregorio, profes de programació, aquests sí que són llops','2019-12-07 11:20:44'),(1595,95,86,'Gregorio i Julian Gregorio, profes de programació, aquests sí que són llops','2019-12-07 11:20:44'),(1596,10,111,'Adeu ... EDUARD RODRIGUEZ m\'han matat','2019-12-07 11:20:44'),(1597,90,114,'Gregorio i Julian Gregorio, profes de programació, aquests sí que són llops','2019-12-07 11:20:44'),(1598,102,113,'Te miro y te voto','2019-12-07 11:20:44'),(1599,105,78,'Sempre em votes ... ','2019-12-07 11:20:44'),(1600,103,91,'D\'aquesta nit, JAUME PUIG no passes :)','2019-12-07 11:20:44'),(1601,73,4,'Si guanyo et passaré la pràctica de Marc o de Gregorio','2019-12-07 11:20:44'),(1602,6,73,'Em sembla, estimat amic, que tens un llop al costat dret','2019-12-07 11:20:44'),(1603,112,104,'Marc Albareda, Isabel, Gemma, Elena, profes de programació, aquests sí que són llops','2019-12-07 11:20:44'),(1604,107,94,'Adeu ... ADRIAN FERRER m\'han matat','2019-12-07 11:20:44'),(1605,106,89,'Sempre em votes ... ','2019-12-07 11:20:44'),(1606,104,6,'Gregorio i Julian Gregorio, profes de programació, aquests sí que són llops','2019-12-07 11:20:44'),(1607,108,74,'Si em tornes a votar ... no et tornaré a ajudar als examens de Marc','2019-12-07 11:20:44'),(1608,103,2,'Si guanyo et passaré la pràctica de Marc o de Gregorio','2019-12-07 11:20:44'),(1609,14,109,'Sempre em votes ... ','2019-12-07 11:20:44'),(1610,92,106,'Te miro y te voto','2019-12-07 11:20:44'),(1611,84,81,'Gregorio i Julian Gregorio, profes de programació, aquests sí que són llops','2019-12-07 11:20:44'),(1612,90,77,'Gregorio i Julian Gregorio, profes de programació, aquests sí que són llops','2019-12-07 11:20:44'),(1613,94,80,'Te miro y te voto','2019-12-07 11:20:44'),(1614,112,80,'Em sembla, estimat amic, que tens un llop al costat dret','2019-12-07 11:20:44'),(1615,111,93,'Gregorio i Julian Gregorio, profes de programació, aquests sí que són llops','2019-12-07 11:20:44'),(1616,90,100,'Si guanyo et passaré la pràctica de Marc o de Gregorio','2019-12-07 11:20:44'),(1617,5,112,'Gregorio i Julian Gregorio, profes de programació, aquests sí que són llops','2019-12-07 11:20:44'),(1618,14,103,'D\'aquesta nit, ROGER MORENO no passes :)','2019-12-07 11:20:44'),(1619,78,2,'Em sembla, estimat amic, que tens un llop al costat dret','2019-12-07 11:20:44'),(1620,7,86,'Gregorio i Julian Gregorio, profes de programació, aquests sí que són llops','2019-12-07 11:20:44'),(1621,109,76,'Si guanyo et passaré la pràctica de Marc o de Gregorio','2019-12-07 11:20:44'),(1622,90,4,'Si guanyo et passaré la pràctica de Marc o de Gregorio','2019-12-07 11:20:44'),(1623,91,13,'Em sembla, estimat amic, que tens un llop al costat dret','2019-12-07 11:20:44'),(1624,14,15,'Sempre em votes ... ','2019-12-07 11:20:44'),(1625,81,88,'Marc Albareda, Isabel, Gemma, Elena, profes de programació, aquests sí que són llops','2019-12-07 11:20:44'),(1626,112,79,'Saps RUBEN ESTEBAN, et trobo interesant','2019-12-07 11:20:44'),(1627,82,102,'Gregorio i Julian Gregorio, profes de programació, aquests sí que són llops','2019-12-07 11:20:44'),(1628,13,83,'Adeu ... ADRIAN GRAGERA m\'han matat','2019-12-07 11:20:44'),(1629,93,107,'Te miro y te voto','2019-12-07 11:20:44'),(1630,72,2,'Sempre em votes ... ','2019-12-07 11:20:44'),(1631,92,87,'Tinc ganes d\'acabar aquesta feina','2019-12-07 11:20:44'),(1632,98,113,'Adeu ... ARNAU SANCHEZ m\'han matat','2019-12-07 11:20:44'),(1633,107,79,'Te miro y te voto','2019-12-07 11:20:44'),(1634,107,12,'D\'aquesta nit, IVAN MORENO no passes :)','2019-12-07 11:20:44'),(1635,4,2,'Gregorio i Julian Gregorio, profes de programació, aquests sí que són llops','2019-12-07 11:20:44'),(1636,93,101,'Si em tornes a votar ... no et tornaré a ajudar als examens de Marc','2019-12-07 11:20:44'),(1637,75,103,'D\'aquesta nit, ROGER MORENO no passes :)','2019-12-07 11:20:45'),(1638,12,97,'Te miro y te voto','2019-12-07 11:20:45'),(1639,7,101,'Adeu ... VICTOR MELO m\'han matat','2019-12-07 11:20:45'),(1640,100,106,'Sempre em votes ... ','2019-12-07 11:20:45'),(1641,12,14,'Si em tornes a votar ... no et tornaré a ajudar als examens de Marc','2019-12-07 11:20:45'),(1642,7,84,'Marc Albareda, Isabel, Gemma, Elena, profes de programació, aquests sí que són llops','2019-12-07 11:20:45'),(1643,14,87,'Gregorio i Julian Gregorio, profes de programació, aquests sí que són llops','2019-12-07 11:20:45'),(1644,7,107,'D\'aquesta nit, SERGI PELLEJERO no passes :)','2019-12-07 11:20:45'),(1645,74,83,'Sempre em votes ... ','2019-12-07 11:20:45'),(1646,101,13,'D\'aquesta nit, ROGGER ORDÓÑEZ no passes :)','2019-12-07 11:20:45'),(1647,108,92,'Si em tornes a votar ... no et tornaré a ajudar als examens de Marc','2019-12-07 11:20:45'),(1648,12,80,'Si em tornes a votar ... no et tornaré a ajudar als examens de Marc','2019-12-07 11:20:45'),(1649,2,103,'Sempre em votes ... ','2019-12-07 11:20:45'),(1650,88,112,'Te miro y te voto','2019-12-07 11:20:45'),(1651,109,73,'Marc Albareda, Isabel, Gemma, Elena, profes de programació, aquests sí que són llops','2019-12-07 11:20:45'),(1652,87,15,'Gregorio i Julian Gregorio, profes de programació, aquests sí que són llops','2019-12-07 11:20:45'),(1653,106,107,'Soy un simple pueblerino, con boina y todo, no me votes más, por tus ...','2019-12-07 11:20:45'),(1654,75,106,'Saps ISAAC NOA, et trobo interesant','2019-12-07 11:20:45'),(1655,84,91,'Marc Albareda, Isabel, Gemma, Elena, profes de programació, aquests sí que són llops','2019-12-07 11:20:45'),(1656,8,13,'Saps ROGGER ORDÓÑEZ, et trobo interesant','2019-12-07 11:20:45'),(1657,106,99,'Tinc ganes d\'acabar aquesta feina','2019-12-07 11:20:45'),(1658,79,5,'Tinc ganes d\'acabar aquesta feina','2019-12-07 11:20:45'),(1659,75,101,'Soy un simple pueblerino, con boina y todo, no me votes más, por tus ...','2019-12-07 11:20:45'),(1660,74,73,'Em sembla, estimat amic, que tens un llop al costat dret','2019-12-07 11:20:45'),(1661,91,86,'Soy un simple pueblerino, con boina y todo, no me votes más, por tus ...','2019-12-07 11:20:45'),(1662,101,89,'Tinc ganes d\'acabar aquesta feina','2019-12-07 11:20:45'),(1663,3,10,'Saps POL LÓPEZ, et trobo interesant','2019-12-07 11:20:45'),(1664,101,89,'Te miro y te voto','2019-12-07 11:20:45'),(1665,10,12,'Adeu ... IVAN MORENO m\'han matat','2019-12-07 11:20:45'),(1666,106,82,'Sempre em votes ... ','2019-12-07 11:20:45'),(1667,107,91,'Marc Albareda, Isabel, Gemma, Elena, profes de programació, aquests sí que són llops','2019-12-07 11:20:45'),(1668,103,114,'Soy un simple pueblerino, con boina y todo, no me votes más, por tus ...','2019-12-07 11:20:45'),(1669,73,92,'Adeu ... ANDRES QUIROS m\'han matat','2019-12-07 11:20:45'),(1670,80,96,'D\'aquesta nit, RAUL GODINEZ no passes :)','2019-12-07 11:20:45'),(1671,5,4,'Marc Albareda, Isabel, Gemma, Elena, profes de programació, aquests sí que són llops','2019-12-07 11:20:45'),(1672,112,114,'Si guanyo et passaré la pràctica de Marc o de Gregorio','2019-12-07 11:20:45'),(1673,13,72,'Saps ALVARO BARBA, et trobo interesant','2019-12-07 11:20:45'),(1674,97,114,'Si guanyo et passaré la pràctica de Marc o de Gregorio','2019-12-07 11:20:45'),(1675,105,104,'Saps JOSEMANUEL MUNOZ, et trobo interesant','2019-12-07 11:20:45'),(1676,110,13,'Si guanyo et passaré la pràctica de Marc o de Gregorio','2019-12-07 11:20:45'),(1677,110,81,'Marc Albareda, Isabel, Gemma, Elena, profes de programació, aquests sí que són llops','2019-12-07 11:20:45'),(1678,9,111,'Em sembla, estimat amic, que tens un llop al costat dret','2019-12-07 11:20:45'),(1679,11,97,'Saps DIDAC LLAMAS, et trobo interesant','2019-12-07 11:20:45'),(1680,3,82,'Te miro y te voto','2019-12-07 11:20:45'),(1681,84,15,'Sempre em votes ... ','2019-12-07 11:20:45'),(1682,3,73,'Soy un simple pueblerino, con boina y todo, no me votes más, por tus ...','2019-12-07 11:20:45'),(1683,75,7,'Tinc ganes d\'acabar aquesta feina','2019-12-07 11:20:45'),(1684,85,7,'Saps JARED ESPARZA, et trobo interesant','2019-12-07 11:20:45'),(1685,12,114,'Soy un simple pueblerino, con boina y todo, no me votes más, por tus ...','2019-12-07 11:20:45'),(1686,3,7,'Tinc ganes d\'acabar aquesta feina','2019-12-07 11:20:45'),(1687,94,95,'Gregorio i Julian Gregorio, profes de programació, aquests sí que són llops','2019-12-07 11:20:45'),(1688,6,89,'Saps MARC NUNO, et trobo interesant','2019-12-07 11:20:45'),(1689,82,110,'Sempre em votes ... ','2019-12-07 11:20:45'),(1690,111,4,'Si guanyo et passaré la pràctica de Marc o de Gregorio','2019-12-07 11:20:45'),(1691,88,11,'D\'aquesta nit, EMILIO MASO no passes :)','2019-12-07 11:20:45'),(1692,15,84,'Sempre em votes ... ','2019-12-07 11:20:45'),(1693,111,2,'Soy un simple pueblerino, con boina y todo, no me votes más, por tus ...','2019-12-07 11:20:45'),(1694,113,89,'Marc Albareda, Isabel, Gemma, Elena, profes de programació, aquests sí que són llops','2019-12-07 11:20:45'),(1695,106,86,'Si em tornes a votar ... no et tornaré a ajudar als examens de Marc','2019-12-07 11:20:45'),(1696,93,99,'Soy un simple pueblerino, con boina y todo, no me votes más, por tus ...','2019-12-07 11:20:45'),(1697,75,79,'D\'aquesta nit, RUBEN ESTEBAN no passes :)','2019-12-07 11:20:45'),(1698,2,90,'D\'aquesta nit, ROGER PUCHOL no passes :)','2019-12-07 11:20:45'),(1699,3,91,'Gregorio i Julian Gregorio, profes de programació, aquests sí que són llops','2019-12-07 11:20:45'),(1700,12,15,'Te miro y te voto','2019-12-07 11:20:45'),(1701,10,4,'Em sembla, estimat amic, que tens un llop al costat dret','2019-12-07 11:20:45'),(1702,12,101,'Si em tornes a votar ... no et tornaré a ajudar als examens de Marc','2019-12-07 11:20:45'),(1703,91,5,'D\'aquesta nit, XAVIER CAPILLA no passes :)','2019-12-07 11:20:45'),(1704,83,109,'Sempre em votes ... ','2019-12-07 11:20:45'),(1705,97,5,'Gregorio i Julian Gregorio, profes de programació, aquests sí que són llops','2019-12-07 11:20:45'),(1706,15,106,'Si guanyo et passaré la pràctica de Marc o de Gregorio','2019-12-07 11:20:45'),(1707,106,93,'Em sembla, estimat amic, que tens un llop al costat dret','2019-12-07 11:20:45'),(1708,10,81,'Saps DAVID GIL, et trobo interesant','2019-12-07 11:20:45'),(1709,86,75,'Soy un simple pueblerino, con boina y todo, no me votes más, por tus ...','2019-12-07 11:20:45'),(1710,101,4,'Gregorio i Julian Gregorio, profes de programació, aquests sí que són llops','2019-12-07 11:20:45'),(1711,94,103,'Saps ROGER MORENO, et trobo interesant','2019-12-07 11:20:45'),(1712,88,80,'Marc Albareda, Isabel, Gemma, Elena, profes de programació, aquests sí que són llops','2019-12-07 11:20:45'),(1713,4,80,'Adeu ... DANIEL GARCIA m\'han matat','2019-12-07 11:20:45'),(1714,96,105,'Soy un simple pueblerino, con boina y todo, no me votes más, por tus ...','2019-12-07 11:20:45'),(1715,85,114,'Tinc ganes d\'acabar aquesta feina','2019-12-07 11:20:45'),(1716,88,9,'Sempre em votes ... ','2019-12-07 11:20:45'),(1717,104,12,'Soy un simple pueblerino, con boina y todo, no me votes más, por tus ...','2019-12-07 11:20:45'),(1718,76,114,'Sempre em votes ... ','2019-12-07 11:20:45'),(1719,5,81,'Em sembla, estimat amic, que tens un llop al costat dret','2019-12-07 11:20:45'),(1720,9,97,'Marc Albareda, Isabel, Gemma, Elena, profes de programació, aquests sí que són llops','2019-12-07 11:20:45'),(1721,75,91,'Sempre em votes ... ','2019-12-07 11:20:45'),(1722,104,92,'Soy un simple pueblerino, con boina y todo, no me votes más, por tus ...','2019-12-07 11:20:45'),(1723,111,92,'D\'aquesta nit, ANDRES QUIROS no passes :)','2019-12-07 11:20:45'),(1724,12,108,'Te miro y te voto','2019-12-07 11:20:45'),(1725,101,73,'Sempre em votes ... ','2019-12-07 11:20:45'),(1726,108,97,'Adeu ... DIDAC LLAMAS m\'han matat','2019-12-07 11:20:45'),(1727,86,102,'Si em tornes a votar ... no et tornaré a ajudar als examens de Marc','2019-12-07 11:20:45'),(1728,93,11,'Adeu ... EMILIO MASO m\'han matat','2019-12-07 11:20:45'),(1729,74,7,'Adeu ... JARED ESPARZA m\'han matat','2019-12-07 11:20:45'),(1730,113,99,'Soy un simple pueblerino, con boina y todo, no me votes más, por tus ...','2019-12-07 11:20:45'),(1731,101,86,'Adeu ... ANDREU INVERNON m\'han matat','2019-12-07 11:20:45'),(1732,100,3,'Si em tornes a votar ... no et tornaré a ajudar als examens de Marc','2019-12-07 11:20:45'),(1733,12,109,'Marc Albareda, Isabel, Gemma, Elena, profes de programació, aquests sí que són llops','2019-12-07 11:20:45'),(1734,94,7,'Sempre em votes ... ','2019-12-07 11:20:45'),(1735,101,86,'D\'aquesta nit, ANDREU INVERNON no passes :)','2019-12-07 11:20:45'),(1736,89,112,'Te miro y te voto','2019-12-07 11:20:45'),(1737,73,80,'Sempre em votes ... ','2019-12-07 11:20:45'),(1738,72,79,'Adeu ... RUBEN ESTEBAN m\'han matat','2019-12-07 11:20:45'),(1739,2,107,'Saps SERGI PELLEJERO, et trobo interesant','2019-12-07 11:20:45'),(1740,88,10,'Sempre em votes ... ','2019-12-07 11:20:45'),(1741,114,76,'Gregorio i Julian Gregorio, profes de programació, aquests sí que són llops','2019-12-07 11:20:45'),(1742,8,111,'Saps EDUARD RODRIGUEZ, et trobo interesant','2019-12-07 11:20:45'),(1743,80,112,'Soy un simple pueblerino, con boina y todo, no me votes más, por tus ...','2019-12-07 11:20:45'),(1744,113,74,'Saps OSCAR BRAVO, et trobo interesant','2019-12-07 11:20:45'),(1745,103,110,'Adeu ... LUIS PORTILLO m\'han matat','2019-12-07 11:20:45'),(1746,3,98,'Marc Albareda, Isabel, Gemma, Elena, profes de programació, aquests sí que són llops','2019-12-07 11:20:45'),(1747,3,15,'Em sembla, estimat amic, que tens un llop al costat dret','2019-12-07 11:20:45'),(1748,15,15,'Si em tornes a votar ... no et tornaré a ajudar als examens de Marc','2019-12-07 11:20:45'),(1749,102,78,'Adeu ... ETHAN ESCRIBA m\'han matat','2019-12-07 11:20:45'),(1750,73,110,'Sempre em votes ... ','2019-12-07 11:20:45'),(1751,106,96,'Sempre em votes ... ','2019-12-07 11:20:45'),(1752,2,107,'Gregorio i Julian Gregorio, profes de programació, aquests sí que són llops','2019-12-07 11:20:45'),(1753,88,109,'Saps ALEX PLADEVALL, et trobo interesant','2019-12-07 11:20:45'),(1754,103,99,'Si em tornes a votar ... no et tornaré a ajudar als examens de Marc','2019-12-07 11:20:45'),(1755,100,99,'Tinc ganes d\'acabar aquesta feina','2019-12-07 11:20:45'),(1756,111,93,'D\'aquesta nit, AMJAD KHAYAT no passes :)','2019-12-07 11:20:45'),(1757,104,79,'Te miro y te voto','2019-12-07 11:20:45'),(1758,109,106,'Si em tornes a votar ... no et tornaré a ajudar als examens de Marc','2019-12-07 11:20:45'),(1759,82,108,'Si guanyo et passaré la pràctica de Marc o de Gregorio','2019-12-07 11:20:45'),(1760,13,77,'Adeu ... RAUL HERENCIA m\'han matat','2019-12-07 11:20:45'),(1761,87,103,'Saps ROGER MORENO, et trobo interesant','2019-12-07 11:20:45'),(1762,90,82,'Tinc ganes d\'acabar aquesta feina','2019-12-07 11:20:45'),(1763,90,80,'Si em tornes a votar ... no et tornaré a ajudar als examens de Marc','2019-12-07 11:20:45'),(1764,98,82,'Saps RAFAEL GONZALEZ, et trobo interesant','2019-12-07 11:20:45'),(1765,85,89,'Gregorio i Julian Gregorio, profes de programació, aquests sí que són llops','2019-12-07 11:20:45'),(1766,91,105,'Sempre em votes ... ','2019-12-07 11:20:45'),(1767,108,100,'Si guanyo et passaré la pràctica de Marc o de Gregorio','2019-12-07 11:20:45'),(1768,5,81,'Tinc ganes d\'acabar aquesta feina','2019-12-07 11:20:45'),(1769,103,98,'Si em tornes a votar ... no et tornaré a ajudar als examens de Marc','2019-12-07 11:20:45'),(1770,87,76,'Si guanyo et passaré la pràctica de Marc o de Gregorio','2019-12-07 11:20:45'),(1771,104,4,'Te miro y te voto','2019-12-07 11:20:45'),(1772,87,103,'Gregorio i Julian Gregorio, profes de programació, aquests sí que són llops','2019-12-07 11:20:45'),(1773,111,101,'Em sembla, estimat amic, que tens un llop al costat dret','2019-12-07 11:20:45'),(1774,92,100,'Saps JAVIER MAURI, et trobo interesant','2019-12-07 11:20:45'),(1775,4,13,'Sempre em votes ... ','2019-12-07 11:20:45'),(1776,79,14,'Gregorio i Julian Gregorio, profes de programació, aquests sí que són llops','2019-12-07 11:20:45'),(1777,74,91,'Soy un simple pueblerino, con boina y todo, no me votes más, por tus ...','2019-12-07 11:20:45'),(1778,110,86,'Tinc ganes d\'acabar aquesta feina','2019-12-07 11:20:45'),(1779,93,114,'Sempre em votes ... ','2019-12-07 11:20:45'),(1780,106,98,'Sempre em votes ... ','2019-12-07 11:20:45'),(1781,97,11,'Te miro y te voto','2019-12-07 11:20:45'),(1782,3,105,'Saps HASSAN NAVEED, et trobo interesant','2019-12-07 11:20:45'),(1783,109,84,'Si guanyo et passaré la pràctica de Marc o de Gregorio','2019-12-07 11:20:45'),(1784,83,12,'Adeu ... IVAN MORENO m\'han matat','2019-12-07 11:20:45'),(1785,75,79,'Te miro y te voto','2019-12-07 11:20:45'),(1786,81,91,'Si em tornes a votar ... no et tornaré a ajudar als examens de Marc','2019-12-07 11:20:45'),(1787,79,73,'D\'aquesta nit, OSCAR BORREGO no passes :)','2019-12-07 11:20:45'),(1788,96,99,'Te miro y te voto','2019-12-07 11:20:45'),(1789,74,3,'Gregorio i Julian Gregorio, profes de programació, aquests sí que són llops','2019-12-07 11:20:45'),(1790,92,107,'Sempre em votes ... ','2019-12-07 11:20:45'),(1791,15,88,'Sempre em votes ... ','2019-12-07 11:20:45'),(1792,76,11,'Tinc ganes d\'acabar aquesta feina','2019-12-07 11:20:45'),(1793,105,11,'Gregorio i Julian Gregorio, profes de programació, aquests sí que són llops','2019-12-07 11:20:45'),(1794,6,85,'Si em tornes a votar ... no et tornaré a ajudar als examens de Marc','2019-12-07 11:20:45'),(1795,77,111,'Te miro y te voto','2019-12-07 11:20:45'),(1796,82,82,'Tinc ganes d\'acabar aquesta feina','2019-12-07 11:20:45'),(1797,91,76,'Soy un simple pueblerino, con boina y todo, no me votes más, por tus ...','2019-12-07 11:20:45'),(1798,74,12,'Em sembla, estimat amic, que tens un llop al costat dret','2019-12-07 11:20:45'),(1799,105,76,'D\'aquesta nit, DAVID CLEMENTE no passes :)','2019-12-07 11:20:45');
/*!40000 ALTER TABLE `messages` ENABLE KEYS */;
UNLOCK TABLES;

--
-- Table structure for table `rols`
--

DROP TABLE IF EXISTS `rols`;
/*!40101 SET @saved_cs_client     = @@character_set_client */;
/*!50503 SET character_set_client = utf8mb4 */;
CREATE TABLE `rols` (
  `rol_id` int(11) NOT NULL AUTO_INCREMENT,
  `rol_description` varchar(100) DEFAULT NULL,
  `rol_frequency` int(11) DEFAULT 1,
  `active_rol` tinyint(1) DEFAULT 1,
  PRIMARY KEY (`rol_id`)
) ENGINE=InnoDB AUTO_INCREMENT=6 DEFAULT CHARSET=latin1;
/*!40101 SET character_set_client = @saved_cs_client */;

--
-- Dumping data for table `rols`
--

LOCK TABLES `rols` WRITE;
/*!40000 ALTER TABLE `rols` DISABLE KEYS */;
INSERT INTO `rols` VALUES (1,'wolf',4,1),(2,'people',0,1),(3,'mayor',-1,0),(4,'seer',-1,0),(5,'hunter',-1,0);
/*!40000 ALTER TABLE `rols` ENABLE KEYS */;
UNLOCK TABLES;

--
-- Table structure for table `users`
--

DROP TABLE IF EXISTS `users`;
/*!40101 SET @saved_cs_client     = @@character_set_client */;
/*!50503 SET character_set_client = utf8mb4 */;
CREATE TABLE `users` (
  `user_id` int(11) NOT NULL AUTO_INCREMENT,
  `user_firstname` varchar(15) DEFAULT NULL,
  `user_lastname` varchar(15) DEFAULT NULL,
  `user_login` varchar(15) NOT NULL,
  `user_password` varchar(15) NOT NULL,
  `user_data_register` date DEFAULT NULL,
  `user_won_games` int(11) NOT NULL DEFAULT 0,
  `user_lost_games` int(11) NOT NULL DEFAULT 0,
  `active` tinyint(1) DEFAULT 1,
  `group` varchar(5) DEFAULT NULL,
  PRIMARY KEY (`user_id`),
  UNIQUE KEY `users_un` (`user_login`)
) ENGINE=InnoDB AUTO_INCREMENT=115 DEFAULT CHARSET=latin1;
/*!40101 SET character_set_client = @saved_cs_client */;

--
-- Dumping data for table `users`
--

LOCK TABLES `users` WRITE;
/*!40000 ALTER TABLE `users` DISABLE KEYS */;
INSERT INTO `users` VALUES (2,'ISMAEL','ABBOU','ismael','super3','2019-12-05',0,0,1,'DAM2A'),(3,'AARON','ABELLÓN','aaron','super3','2019-12-05',0,0,1,'DAM2A'),(4,'JON','CAMPAÑA','jon','super3','2019-12-05',0,0,1,'DAM2A'),(5,'XAVIER','CAPILLA','xavier','super3','2019-12-05',0,0,1,'DAM2A'),(6,'JOSE MARIA','CIVICO','josemaria','super3','2019-12-05',0,0,1,'DAM2A'),(7,'JARED','ESPARZA','jared','super3','2019-12-05',0,0,1,'DAM2A'),(8,'ERIC','HIDALGO','eric','super3','2019-12-05',0,0,1,'DAM2A'),(9,'ADRIAN','IZQUIERDO','adrian','super3','2019-12-05',0,0,1,'DAM2A'),(10,'POL','LÓPEZ','pol','super3','2019-12-05',0,0,1,'DAM2A'),(11,'EMILIO','MASO','emilio','super3','2019-12-05',0,0,1,'DAM2A'),(12,'IVAN','MORENO','ivan','super3','2019-12-05',0,0,1,'DAM2A'),(13,'ROGGER','ORDÓÑEZ','rogger','super3','2019-12-05',0,0,1,'DAM2A'),(14,'DIMA','PANUS','dima','super3','2019-12-05',0,0,1,'DAM2A'),(15,'RAUL','PÉREZ','raul','super3','2019-12-05',0,0,1,'DAM2A'),(72,'ALVARO','BARBA','alvaro','super3','2019-12-06',0,0,1,'DAMVI'),(73,'OSCAR','BORREGO','oscar','super3','2019-12-06',0,0,1,'DAMVI'),(74,'OSCAR','BRAVO','oscar2','super3','2019-12-06',0,0,1,'DAMVI'),(75,'ALBERT','CIMAS','albert','super3','2019-12-06',0,0,1,'DAMVI'),(76,'DAVID','CLEMENTE','david','super3','2019-12-06',0,0,1,'DAMVI'),(77,'RAUL','HERENCIA','raul2','super3','2019-12-06',0,0,1,'DAMVI'),(78,'ETHAN','ESCRIBA','ethan','super3','2019-12-06',0,0,1,'DAMVI'),(79,'RUBEN','ESTEBAN','ruben','super3','2019-12-06',0,0,1,'DAMVI'),(80,'DANIEL','GARCIA','daniel','super3','2019-12-06',0,0,1,'DAMVI'),(81,'DAVID','GIL','david2','super3','2019-12-06',0,0,1,'DAMVI'),(82,'RAFAEL','GONZALEZ','rafael','super3','2019-12-06',0,0,1,'DAMVI'),(83,'ADRIAN','GRAGERA','adrian2','super3','2019-12-06',0,0,1,'DAMVI'),(84,'ALEJANDRO','HERNANDEZ','alejandro','super3','2019-12-06',0,0,1,'DAMVI'),(85,'DAVID','HERNANDEZ','david3','super3','2019-12-06',0,0,1,'DAMVI'),(86,'ANDREU','INVERNON','andreu','super3','2019-12-06',0,0,1,'DAMVI'),(87,'JOAN','MEDINA','joan','super3','2019-12-06',0,0,1,'DAMVI'),(88,'CARLOS','NIETO','carlos','super3','2019-12-06',0,0,1,'DAMVI'),(89,'MARC','NUNO','marc','super3','2019-12-06',0,0,1,'DAMVI'),(90,'ROGER','PUCHOL','roger','super3','2019-12-06',0,0,1,'DAMVI'),(91,'JAUME','PUIG','jaume','super3','2019-12-06',0,0,1,'DAMVI'),(92,'ANDRES','QUIROS','andres','super3','2019-12-06',0,0,1,'DAMVI'),(93,'AMJAD','KHAYAT','amjad','super3','2019-12-07',0,0,1,'ASIX1'),(94,'ADRIAN','FERRER','adrian3','super3','2019-12-07',0,0,1,'ASIX1'),(95,'DANIEL','FRAILE','daniel3','super3','2019-12-07',0,0,1,'ASIX1'),(96,'RAUL','GODINEZ','raul3','super3','2019-12-07',0,0,1,'ASIX1'),(97,'DIDAC','LLAMAS','didac','super3','2019-12-07',0,0,1,'ASIX1'),(98,'ISMAEL','LOPEZ','ismael2','super3','2019-12-07',0,0,1,'ASIX1'),(99,'ADRIAN','MARIN','adrian4','super3','2019-12-07',0,0,1,'ASIX1'),(100,'JAVIER','MAURI','javier','super3','2019-12-07',0,0,1,'ASIX1'),(101,'VICTOR','MELO','victor','super3','2019-12-07',0,0,1,'ASIX1'),(102,'ALEJANDRO','MONTES','alejandro2','super3','2019-12-07',0,0,1,'ASIX1'),(103,'ROGER','MORENO','roger2','super3','2019-12-07',0,0,1,'ASIX1'),(104,'JOSEMANUEL','MUNOZ','josemanuel','super3','2019-12-07',0,0,1,'ASIX1'),(105,'HASSAN','NAVEED','hassan','super3','2019-12-07',0,0,1,'ASIX1'),(106,'ISAAC','NOA','isaac','super3','2019-12-07',0,0,1,'ASIX1'),(107,'SERGI','PELLEJERO','sergi','super3','2019-12-07',0,0,1,'ASIX1'),(108,'MARC','PEREZ','marc2','super3','2019-12-07',0,0,1,'ASIX1'),(109,'ALEX','PLADEVALL','alex','super3','2019-12-07',0,0,1,'ASIX1'),(110,'LUIS','PORTILLO','luis','super3','2019-12-07',0,0,1,'ASIX1'),(111,'EDUARD','RODRIGUEZ','eduard','super3','2019-12-07',0,0,1,'ASIX1'),(112,'YURIC','ROMERO','yuric','super3','2019-12-07',0,0,1,'ASIX1'),(113,'ARNAU','SANCHEZ','arnau','super3','2019-12-07',0,0,1,'ASIX1'),(114,'LLUIS','SERRANO','lluis','super3','2019-12-07',0,0,1,'ASIX1');
/*!40000 ALTER TABLE `users` ENABLE KEYS */;
UNLOCK TABLES;

--
-- Dumping routines for database 'quarentine_wolf'
--
/*!40103 SET TIME_ZONE=@OLD_TIME_ZONE */;

/*!40101 SET SQL_MODE=@OLD_SQL_MODE */;
/*!40014 SET FOREIGN_KEY_CHECKS=@OLD_FOREIGN_KEY_CHECKS */;
/*!40014 SET UNIQUE_CHECKS=@OLD_UNIQUE_CHECKS */;
/*!40101 SET CHARACTER_SET_CLIENT=@OLD_CHARACTER_SET_CLIENT */;
/*!40101 SET CHARACTER_SET_RESULTS=@OLD_CHARACTER_SET_RESULTS */;
/*!40101 SET COLLATION_CONNECTION=@OLD_COLLATION_CONNECTION */;
/*!40111 SET SQL_NOTES=@OLD_SQL_NOTES */;

-- Dump completed on 2019-12-12 12:57:42
